monitoring_location_id,priority_group,trend,p,slope,intercept,n,significant
TCEQMAIN-10249,chlorophyll,no trend,0.6505819869583886,-0.10583333333333333,8.748333333333333,21,False
TCEQMAIN-10249,conductivity,no trend,0.5354267679971694,2.1240601503759398,1280.2631578947369,29,False
TCEQMAIN-10249,dissolved_oxygen,no trend,0.27613013462087155,-0.045941558441558394,9.543181818181818,29,False
TCEQMAIN-10249,dissolved_solids,no trend,0.24638736002924677,11.221428571428572,706.6714285714286,13,False
TCEQMAIN-10249,nitrogen,increasing,0.03818036777872469,0.010000000000000009,0.5649999999999998,26,True
TCEQMAIN-10249,phosphorus,no trend,0.8946853201626119,0.0004545454545454549,0.18681818181818183,26,False
TCEQMAIN-10249,temperature,no trend,0.5357622391088728,0.03371212121212125,24.6780303030303,29,False
TCEQMAIN-10249,turbidity,insufficient,,,,2,False
TCEQMAIN-13039,conductivity,insufficient,,,,3,False
TCEQMAIN-13039,dissolved_oxygen,insufficient,,,,3,False
TCEQMAIN-13039,nitrogen,insufficient,,,,3,False
TCEQMAIN-13039,phosphorus,insufficient,,,,3,False
TCEQMAIN-13039,temperature,insufficient,,,,3,False
TCEQMAIN-13071,chlorophyll,no trend,0.3247123843638571,-0.875,35.07,18,False
TCEQMAIN-13071,conductivity,no trend,0.3247123843638571,491.6666666666667,17255.833333333332,18,False
TCEQMAIN-13071,dissolved_oxygen,no trend,0.7044490460895165,-0.016666666666666607,5.891666666666666,18,False
TCEQMAIN-13071,dissolved_solids,no trend,0.5480055723613093,85.0,5245.0,7,False
TCEQMAIN-13071,nitrogen,no trend,0.08100585410804317,-0.024285714285714282,1.3564285714285713,18,False
TCEQMAIN-13071,phosphorus,increasing,0.023046552822985067,0.013333333333333336,0.36916666666666664,18,True
TCEQMAIN-13071,temperature,no trend,0.1846173473336048,-0.28999999999999987,27.764999999999997,18,False
TCEQMAIN-13072,chlorophyll,no trend,0.3433216398435015,-0.4666666666666662,25.884166666666662,18,False
TCEQMAIN-13072,conductivity,no trend,0.09559021985225113,666.6666666666666,8958.333333333334,18,False
TCEQMAIN-13072,dissolved_oxygen,no trend,0.9094639540163059,-0.016666666666666607,5.391666666666666,18,False
TCEQMAIN-13072,dissolved_solids,no trend,0.10776229039192153,494.375,3354.6875,8,False
TCEQMAIN-13072,nitrogen,no trend,0.9094639540163059,0.0018181818181818197,1.0595454545454548,18,False
TCEQMAIN-13072,phosphorus,increasing,0.0035151972112639207,0.027499999999999997,0.36125,18,True
TCEQMAIN-13072,temperature,no trend,0.44871801561914504,-0.23333333333333428,28.68333333333334,18,False
TCEQMAIN-13073,chlorophyll,no trend,0.44871801561914504,-0.475,23.2875,18,False
TCEQMAIN-13073,conductivity,no trend,0.5366482363005154,322.91666666666663,11116.666666666668,17,False
TCEQMAIN-13073,dissolved_oxygen,no trend,0.741535244360739,-0.06272727272727277,6.201818181818181,17,False
TCEQMAIN-13073,dissolved_solids,no trend,0.7638905934705396,340.0,3580.0,7,False
TCEQMAIN-13073,nitrogen,decreasing,0.020766717563054815,-0.024666666666666674,1.2846666666666668,18,True
TCEQMAIN-13073,phosphorus,increasing,0.010004212585917438,0.018999999999999996,0.41100000000000003,18,True
TCEQMAIN-13073,temperature,no trend,0.8368197050512747,-0.046875,25.525,17,False
TCEQMAIN-13074,chlorophyll,decreasing,0.015343300192918408,-1.4499999999999982,44.77499999999999,18,True
TCEQMAIN-13074,conductivity,no trend,0.8690144410889165,10.208333333333332,4178.333333333333,17,False
TCEQMAIN-13074,dissolved_oxygen,no trend,0.08335192047161377,-0.06704545454545446,7.786363636363635,17,False
TCEQMAIN-13074,dissolved_solids,no trend,0.1735462217878534,-27.5,2681.25,8,False
TCEQMAIN-13074,nitrogen,no trend,0.17269436302931984,-0.02499999999999991,1.3474999999999993,18,False
TCEQMAIN-13074,phosphorus,increasing,0.030727842249861137,0.03,0.47250000000000003,18,True
TCEQMAIN-13074,temperature,no trend,0.6199956732378,0.06961538461538472,25.84307692307692,17,False
TCEQMAIN-13079,chlorophyll,no trend,0.42848041949799653,-0.7956250000000002,31.069375,15,False
TCEQMAIN-13079,conductivity,decreasing,0.00013048193673892428,-29.166666666666668,4538.75,34,True
TCEQMAIN-13079,dissolved_oxygen,increasing,0.022373390438986007,0.04642857142857139,6.358928571428572,34,True
TCEQMAIN-13079,dissolved_solids,decreasing,0.0001213912313333676,-28.60648148148148,3059.900462962963,32,True
TCEQMAIN-13079,nitrogen,increasing,3.0816394377408685e-05,0.050187499999999996,0.021906250000000127,34,True
TCEQMAIN-13079,phosphorus,increasing,4.011399572045882e-05,0.01924999999999999,0.2061250000000001,34,True
TCEQMAIN-13079,temperature,no trend,0.5042237928821269,0.022727272727272728,25.25,34,False
TCEQMAIN-13079,turbidity,decreasing,5.11538511549503e-08,-4.0,126.5,31,True
TCEQMAIN-13079,water_level,no trend,0.22067136191984682,0.2856249999999998,3.9287500000000004,5,False
TCEQMAIN-13080,chlorophyll,no trend,0.28313087066234655,1.2666666666666668,23.75,10,False
TCEQMAIN-13080,conductivity,no trend,1.0,-25.0,3845.0,10,False
TCEQMAIN-13080,dissolved_oxygen,no trend,0.27925094536873774,-0.11666666666666654,7.8,10,False
TCEQMAIN-13080,dissolved_solids,no trend,0.9015386266571279,-28.607142857142858,2184.875,8,False
TCEQMAIN-13080,nitrogen,no trend,0.28313087066234655,0.2400000000000002,1.009999999999999,10,False
TCEQMAIN-13080,phosphorus,no trend,0.7205147871362552,0.022,0.7210000000000001,10,False
TCEQMAIN-13080,temperature,no trend,0.2104977000553374,0.4249999999999998,23.037500000000005,10,False
TCEQMAIN-13080,turbidity,no trend,0.0879614743080801,-6.116666666666667,71.925,10,False
TCEQMAIN-13081,chlorophyll,decreasing,0.005819816954009793,-1.832371794871795,48.20753205128205,20,True
TCEQMAIN-13081,conductivity,no trend,0.29012049354267977,15.15625,3718.4375,21,False
TCEQMAIN-13081,dissolved_oxygen,no trend,0.468417198594286,0.06213450292397663,8.078654970760233,21,False
TCEQMAIN-13081,dissolved_solids,no trend,0.07150541644487451,-82.5,2777.5,7,False
TCEQMAIN-13081,nitrogen,decreasing,0.001520842420702273,-0.03583333333333333,1.4133333333333336,21,True
TCEQMAIN-13081,phosphorus,increasing,0.017053286657374045,0.028660714285714282,0.6833928571428571,21,True
TCEQMAIN-13081,temperature,no trend,0.716709679456915,-0.058680555555555354,26.386805555555554,21,False
TCEQMAIN-13082,conductivity,insufficient,,,,3,False
TCEQMAIN-13082,dissolved_oxygen,insufficient,,,,3,False
TCEQMAIN-13082,temperature,insufficient,,,,3,False
TCEQMAIN-13084,chlorophyll,no trend,0.6264962743469109,-0.19134615384615372,16.84278846153846,20,False
TCEQMAIN-13084,conductivity,no trend,0.09799379060302305,-30.714285714285715,4181.785714285715,20,False
TCEQMAIN-13084,dissolved_oxygen,no trend,0.2549746407067581,-0.048076923076923066,7.2817307692307685,20,False
TCEQMAIN-13084,dissolved_solids,no trend,0.13312848419605983,-17.5,2882.5,7,False
TCEQMAIN-13084,nitrogen,no trend,0.07481148131741677,-0.029218750000000005,1.2071875,21,False
TCEQMAIN-13084,phosphorus,no trend,0.2389242185787459,-0.03897222222222222,1.6797222222222223,21,False
TCEQMAIN-13084,temperature,no trend,1.0,0.004999999999999716,24.552500000000006,20,False
TCEQMAIN-13086,conductivity,insufficient,,,,2,False
TCEQMAIN-13086,dissolved_oxygen,insufficient,,,,2,False
TCEQMAIN-13086,temperature,insufficient,,,,2,False
TCEQMAIN-13103,chlorophyll,no trend,0.35020138917929566,-1.3666666666666665,34.83333333333333,11,False
TCEQMAIN-13103,conductivity,no trend,0.4742743507673295,495.0,595.0,10,False
TCEQMAIN-13103,dissolved_oxygen,no trend,0.6312218204782534,0.0845238095238095,4.9851190476190474,12,False
TCEQMAIN-13103,dissolved_solids,no trend,0.5840703669455065,-156.0,5511.0,14,False
TCEQMAIN-13103,nitrogen,no trend,0.5021582515007486,-0.038611111111111096,1.0536666666666665,13,False
TCEQMAIN-13103,phosphorus,no trend,0.08700049420649125,0.004583333333333335,0.1095,13,False
TCEQMAIN-13103,temperature,no trend,0.37269149047151817,-0.25749999999999995,26.64125,12,False
TCEQMAIN-13104,chlorophyll,no trend,0.3081795474670539,-26.311666666666667,46.557500000000005,4,False
TCEQMAIN-13104,conductivity,no trend,0.08942935902899363,-112.91666666666666,724.375,4,False
TCEQMAIN-13104,dissolved_oxygen,no trend,0.80649594050734,-1.0695833333333336,6.139166666666667,5,False
TCEQMAIN-13104,dissolved_solids,no trend,0.80649594050734,-134.0,690.0,5,False
TCEQMAIN-13104,nitrogen,no trend,0.08942935902899363,0.20858333333333334,-0.061124999999999985,4,False
TCEQMAIN-13104,phosphorus,no trend,0.80649594050734,0.013625000000000005,0.31375000000000003,5,False
TCEQMAIN-13104,temperature,no trend,0.9015386266571279,-0.30999999999999994,23.41,8,False
TCEQMAIN-13176,chlorophyll,no trend,0.09901983206246179,-4.192857142857143,50.21071428571429,12,False
TCEQMAIN-13176,conductivity,no trend,0.9169652366288645,203.75,2935.0,9,False
TCEQMAIN-13176,dissolved_oxygen,no trend,1.0,-0.050833333333333286,5.856249999999999,10,False
TCEQMAIN-13176,dissolved_solids,increasing,0.0012229573327571241,385.16666666666663,-411.0,13,True
TCEQMAIN-13176,nitrogen,no trend,0.7554968749288828,-0.07800000000000007,1.5800000000000003,11,False
TCEQMAIN-13176,phosphorus,increasing,0.04408378374132105,0.02742045454545455,0.1314772727272727,13,True
TCEQMAIN-13176,temperature,no trend,0.6693340144640527,-0.3282142857142856,26.969285714285714,13,False
TCEQMAIN-13177,chlorophyll,decreasing,0.021488739119677414,-4.0275,63.12375,14,True
TCEQMAIN-13177,conductivity,no trend,0.13387524517096372,4.640522875816993,1323.7908496732027,36,False
TCEQMAIN-13177,dissolved_oxygen,no trend,0.49910563319879686,-0.019007936507936512,6.6656547619047615,40,False
TCEQMAIN-13177,dissolved_solids,no trend,0.1158129900126863,2.727272727272727,833.1818181818182,39,False
TCEQMAIN-13177,nitrogen,increasing,0.015501851543067158,0.011068181818181817,0.09970454545454546,39,True
TCEQMAIN-13177,phosphorus,increasing,8.14509348856518e-09,0.004687500000000001,0.006937499999999985,39,True
TCEQMAIN-13177,temperature,increasing,0.0070843801956888,0.08205128205128208,26.025,40,True
TCEQMAIN-13177,turbidity,no trend,0.1610611025425983,-0.4807692307692308,27.817307692307693,20,False
TCEQMAIN-13177,water_level,insufficient,,,,3,False
TCEQMAIN-13178,chlorophyll,no trend,0.08641073297370006,9.541666666666668,21.416666666666664,5,False
TCEQMAIN-13178,conductivity,no trend,0.22067136191984682,210.125,899.75,5,False
TCEQMAIN-13178,dissolved_oxygen,no trend,0.4624327264504764,1.0393750000000004,5.57625,5,False
TCEQMAIN-13178,dissolved_solids,no trend,0.25965635637045015,48.2,788.5,6,False
TCEQMAIN-13178,nitrogen,no trend,0.08516790588395584,-0.09000000000000001,0.5225,6,False
TCEQMAIN-13178,phosphorus,no trend,0.1805996164939243,0.024999999999999994,0.05750000000000002,6,False
TCEQMAIN-13178,temperature,no trend,0.25965635637045015,1.3250000000000002,25.387500000000003,6,False
TCEQMAIN-13178,turbidity,insufficient,,,,1,False
TCEQMAIN-13179,chlorophyll,no trend,0.2514521865080219,-2.38175,45.327,9,False
TCEQMAIN-13179,conductivity,no trend,0.8580276569875211,18.0,1444.0,10,False
TCEQMAIN-13179,dissolved_oxygen,no trend,0.13462526785220597,0.5125000000000001,4.3062499999999995,8,False
TCEQMAIN-13179,dissolved_solids,no trend,0.5371338571769022,4.638888888888889,865.4861111111111,12,False
TCEQMAIN-13179,nitrogen,no trend,0.9453298708327,-0.007083333333333331,0.5364583333333334,12,False
TCEQMAIN-13179,phosphorus,increasing,0.001845721317696336,0.024714285714285716,0.061428571428571416,11,True
TCEQMAIN-13179,temperature,no trend,0.08647112777407262,-0.7291666666666667,29.56041666666667,12,False
TCEQMAIN-13181,chlorophyll,decreasing,0.02944810421427424,-1.5,25.5,15,True
TCEQMAIN-13181,conductivity,no trend,0.15074972195332448,16.0,1183.0,15,False
TCEQMAIN-13181,dissolved_oxygen,no trend,0.7839804537823798,-0.1,7.050000000000001,14,False
TCEQMAIN-13181,dissolved_solids,no trend,0.8430852292699837,1.5,829.5,15,False
TCEQMAIN-13181,nitrogen,no trend,0.8430852292699837,-0.003400000000000003,0.36280000000000007,15,False
TCEQMAIN-13181,phosphorus,no trend,0.463270021399635,0.002187500000000002,0.07587499999999998,13,False
TCEQMAIN-13181,temperature,no trend,0.32144111130212627,0.17175324675324688,24.686850649350646,16,False
TCEQMAIN-13184,chlorophyll,no trend,0.2735614117247491,-0.7625000000000002,17.65625,14,False
TCEQMAIN-13184,conductivity,no trend,0.8041344627682601,0.7142857142857143,1208.5714285714287,33,False
TCEQMAIN-13184,dissolved_oxygen,no trend,0.8266659696701553,-0.019999999999999928,6.930000000000001,14,False
TCEQMAIN-13184,dissolved_solids,no trend,0.2660517601229595,5.0,692.0,17,False
TCEQMAIN-13184,nitrogen,no trend,0.2735614117247491,-0.024999999999999994,0.4185,14,False
TCEQMAIN-13184,phosphorus,no trend,0.37109336952269745,0.004428571428571427,0.08682142857142858,10,False
TCEQMAIN-13184,temperature,increasing,0.0001425478433438876,0.140625,22.979687499999997,34,True
TCEQMAIN-13185,chlorophyll,no trend,0.5194960907102377,-0.375,14.625,15,False
TCEQMAIN-13185,conductivity,decreasing,0.04383709038473382,-3.8461538461538463,1181.5384615384614,33,True
TCEQMAIN-13185,dissolved_oxygen,no trend,0.2975437880723577,-0.1227272727272727,7.622727272727272,14,False
TCEQMAIN-13185,dissolved_solids,no trend,0.5696455906988613,2.5,667.25,18,False
TCEQMAIN-13185,nitrogen,no trend,0.2762784158080178,-0.020000000000000004,0.487,15,False
TCEQMAIN-13185,phosphorus,increasing,0.01150606426296319,0.012162499999999998,0.044862500000000013,15,True
TCEQMAIN-13185,temperature,increasing,0.037914047594409306,0.11304347826086962,21.828260869565216,35,True
TCEQMAIN-13186,chlorophyll,no trend,0.6021675277481957,0.46666666666666645,8.133333333333335,9,False
TCEQMAIN-13186,conductivity,no trend,0.38647623077123283,25.121428571428574,897.825,8,False
TCEQMAIN-13186,dissolved_oxygen,no trend,0.38647623077123283,-0.5179285714285715,9.562750000000001,8,False
TCEQMAIN-13186,dissolved_solids,no trend,0.2514521865080219,12.333333333333332,601.6666666666666,9,False
TCEQMAIN-13186,nitrogen,no trend,0.833935414088552,-0.006112499999999993,0.25444999999999995,9,False
TCEQMAIN-13186,phosphorus,no trend,0.4523703606773608,-0.027000000000000003,0.21000000000000002,6,False
TCEQMAIN-13186,temperature,no trend,0.17530808080827365,0.9999999999999996,19.25,9,False
TCEQMAIN-13188,conductivity,no trend,0.052948722620203226,-10.015625,1202.6796875,24,False
TCEQMAIN-13188,dissolved_oxygen,increasing,0.004207551285491773,1.8500000000000005,-0.20000000000000284,10,True
TCEQMAIN-13188,dissolved_solids,decreasing,0.02398753446442692,-19.225,763.35,13,True
TCEQMAIN-13188,nitrogen,increasing,0.020044668622627437,0.025714285714285714,0.1997857142857143,10,True
TCEQMAIN-13188,phosphorus,no trend,0.41896172515934094,-0.001666666666666666,0.029999999999999995,10,False
TCEQMAIN-13188,temperature,no trend,0.24184953147101806,0.1056547619047619,22.034970238095237,24,False
TCEQMAIN-13188,turbidity,no trend,0.22955621387891956,1.225,2.8249999999999997,7,False
TCEQMAIN-13188,water_level,no trend,0.7340951823194757,-0.3112500000000001,3.654375,4,False
TCEQMAIN-13189,chlorophyll,increasing,0.009970028375973383,1.8214285714285714,15.892857142857142,11,True
TCEQMAIN-13189,conductivity,no trend,0.491866357909307,-12.916666666666668,1052.5416666666667,12,False
TCEQMAIN-13189,dissolved_oxygen,no trend,0.11475673431864908,-0.2718750000000001,7.9203125000000005,12,False
TCEQMAIN-13189,dissolved_solids,no trend,0.760332307521876,-2.1875,641.125,13,False
TCEQMAIN-13189,nitrogen,no trend,0.854777098065548,-0.003199999999999998,0.1902,13,False
TCEQMAIN-13189,phosphorus,no trend,0.1735462217878534,0.012991666666666665,0.06152916666666667,8,False
TCEQMAIN-13189,temperature,no trend,0.47422203857903167,0.1875,23.65625,14,False
TCEQMAIN-13189,turbidity,insufficient,,,,1,False
TCEQMAIN-13285,chlorophyll,no trend,1.0,-0.0019047619047618642,4.811785714285714,16,False
TCEQMAIN-13285,conductivity,no trend,0.4884223166225936,-188.88888888888889,53322.22222222222,15,False
TCEQMAIN-13285,dissolved_oxygen,no trend,0.3664193630910746,-0.10000000000000009,7.3500000000000005,16,False
TCEQMAIN-13285,dissolved_solids,no trend,0.5480055723613093,375.0,35025.0,7,False
TCEQMAIN-13285,nitrogen,no trend,0.5439075927901817,-0.0040909090909090895,0.3372727272727273,18,False
TCEQMAIN-13285,phosphorus,no trend,0.08301782829399795,-0.0024999999999999996,0.06125,12,False
TCEQMAIN-13285,temperature,no trend,0.16280544974369304,-0.23125000000000004,29.109375,16,False
TCEQMAIN-13446,chlorophyll,no trend,0.6204252937103818,-0.07696428571428572,4.2472321428571425,16,False
TCEQMAIN-13446,conductivity,no trend,0.6204252937103818,-145.20833333333331,54314.0625,16,False
TCEQMAIN-13446,dissolved_oxygen,no trend,0.11360037545509472,-0.0625,7.01875,16,False
TCEQMAIN-13446,dissolved_solids,no trend,0.7105230229164894,-366.07142857142856,37981.25,8,False
TCEQMAIN-13446,nitrogen,no trend,0.5094836384661203,-0.002363636363636363,0.34390909090909083,17,False
TCEQMAIN-13446,phosphorus,no trend,0.6296063619648409,-0.0012650000000000005,0.054457500000000006,12,False
TCEQMAIN-13446,temperature,no trend,0.4708532345955083,0.12678571428571417,23.774107142857144,16,False
TCEQMAIN-13447,chlorophyll,no trend,0.0814429797390801,-0.9989999999999999,21.929,18,False
TCEQMAIN-13447,conductivity,no trend,0.14937517875498973,601.25,44290.0,17,False
TCEQMAIN-13447,dissolved_oxygen,no trend,0.8690144410889165,0.018333333333333268,6.553333333333334,17,False
TCEQMAIN-13447,dissolved_solids,no trend,0.1735462217878534,-1255.7142857142858,32770.0,8,False
TCEQMAIN-13447,nitrogen,no trend,0.11518373151505124,-0.026062499999999995,1.0045625,19,False
TCEQMAIN-13447,phosphorus,no trend,0.699830117284874,-0.0011666666666666676,0.15050000000000002,19,False
TCEQMAIN-13447,temperature,no trend,0.3434194871827416,-0.23125,26.450000000000003,17,False
TCEQMAIN-13448,chlorophyll,no trend,0.05287159261498764,-0.5412500000000002,12.544375000000002,16,False
TCEQMAIN-13448,conductivity,no trend,0.47599896413156273,343.75,51540.625,14,False
TCEQMAIN-13448,dissolved_oxygen,no trend,0.1124035674956827,-0.10000000000000053,7.400000000000004,15,False
TCEQMAIN-13448,dissolved_solids,no trend,0.2655103889538737,-1541.6666666666665,37545.833333333336,8,False
TCEQMAIN-13448,nitrogen,decreasing,0.015188798498313671,-0.027500000000000007,0.9575,15,True
TCEQMAIN-13448,phosphorus,decreasing,0.02761200965033228,-0.0024999999999999988,0.07749999999999999,15,True
TCEQMAIN-13448,temperature,no trend,0.45734964084351426,0.125,27.625,15,False
TCEQMAIN-13449,chlorophyll,no trend,0.928178796411089,-0.04669642857142864,10.450223214285714,16,False
TCEQMAIN-13449,conductivity,no trend,1.0,-37.5,54643.75,14,False
TCEQMAIN-13449,dissolved_oxygen,no trend,0.9211586502250249,-0.025000000000000133,6.275,15,False
TCEQMAIN-13449,dissolved_solids,no trend,0.11785089502136503,-1625.0,40000.0,9,False
TCEQMAIN-13449,nitrogen,no trend,0.7108359248149254,0.008385416666666656,0.8629166666666668,17,False
TCEQMAIN-13449,phosphorus,no trend,0.28738026820587237,-0.0012500000000000002,0.0675,13,False
TCEQMAIN-13449,temperature,no trend,1.0,-0.025000000000000355,28.125,15,False
TCEQMAIN-13459,chlorophyll,no trend,0.16280544974369304,-0.17612499999999995,4.570937499999999,16,False
TCEQMAIN-13459,conductivity,no trend,0.6853285557833784,-59.82142857142857,53648.66071428572,16,False
TCEQMAIN-13459,dissolved_oxygen,no trend,0.618761193108831,-0.015476190476190458,6.791071428571429,16,False
TCEQMAIN-13459,dissolved_solids,no trend,1.0,-66.07142857142858,34764.28571428572,9,False
TCEQMAIN-13459,nitrogen,no trend,0.7946077962009137,-0.0021041666666666682,0.29998958333333337,20,False
TCEQMAIN-13459,phosphorus,no trend,0.19393085228241058,-0.0023896825396825397,0.05433809523809524,13,False
TCEQMAIN-13459,temperature,no trend,0.7526419827681854,0.04999999999999974,24.675000000000004,16,False
TCEQMAIN-13460,chlorophyll,no trend,1.0,0.002083333333333289,4.867291666666667,18,False
TCEQMAIN-13460,conductivity,no trend,0.6504631229507134,-107.14285714285714,53357.142857142855,17,False
TCEQMAIN-13460,dissolved_oxygen,no trend,0.5359555258317137,-0.05857142857142861,6.718571428571429,17,False
TCEQMAIN-13460,dissolved_solids,no trend,0.7105230229164894,-350.0,37600.0,8,False
TCEQMAIN-13460,nitrogen,no trend,0.10754282889930056,-0.009166666666666675,0.37250000000000005,19,False
TCEQMAIN-13460,phosphorus,no trend,0.927188799647237,0.0,0.06,16,False
TCEQMAIN-13460,temperature,decreasing,0.01679331034459386,-0.36500000000000005,29.57,17,True
TCEQMAIN-13470,chlorophyll,no trend,0.32229959587191925,-0.12272727272727274,3.999090909090909,15,False
TCEQMAIN-13470,conductivity,no trend,0.8693522423679254,33.333333333333336,53708.333333333336,14,False
TCEQMAIN-13470,dissolved_oxygen,no trend,0.546443354962665,-0.06428571428571431,7.2178571428571425,14,False
TCEQMAIN-13470,dissolved_solids,no trend,1.0,216.66666666666666,35400.0,7,False
TCEQMAIN-13470,nitrogen,no trend,0.6681701611064073,0.004583333333333333,0.27249999999999996,13,False
TCEQMAIN-13470,phosphorus,no trend,1.0,0.0,0.047099999999999996,9,False
TCEQMAIN-13470,temperature,no trend,0.511220344688192,0.17500000000000013,23.0125,14,False
TCEQMAIN-13559,chlorophyll,no trend,0.27575784782750934,2.055555555555556,9.42222222222222,11,False
TCEQMAIN-13559,conductivity,no trend,1.0,-175.0,17612.5,10,False
TCEQMAIN-13559,dissolved_oxygen,no trend,0.7205147871362552,0.09999999999999994,4.9,10,False
TCEQMAIN-13559,dissolved_solids,no trend,0.1735462217878534,608.3333333333333,3228.3333333333335,8,False
TCEQMAIN-13559,nitrogen,no trend,0.5334165134726945,0.013333333333333345,0.9633333333333333,11,False
TCEQMAIN-13559,phosphorus,no trend,0.5334165134726945,-0.008750000000000008,0.49875,11,False
TCEQMAIN-13559,temperature,no trend,0.15240628395674927,0.5499999999999995,23.375000000000004,10,False
TCEQMAIN-13664,chlorophyll,no trend,0.09950873215916967,-1.4975,26.985,13,False
TCEQMAIN-13664,conductivity,no trend,0.9135611737810692,-0.18481182795698925,1292.9569892473119,33,False
TCEQMAIN-13664,dissolved_oxygen,no trend,1.0,-0.040000000000000036,6.387499999999999,14,False
TCEQMAIN-13664,dissolved_solids,no trend,0.17403358020816384,5.958333333333334,782.8333333333334,17,False
TCEQMAIN-13664,nitrogen,decreasing,0.037497490815719736,-0.03666666666666668,0.5108333333333335,14,True
TCEQMAIN-13664,phosphorus,no trend,0.837011475105446,-0.0010833333333333342,0.09470833333333334,12,False
TCEQMAIN-13664,temperature,increasing,9.744372198028373e-07,0.1875,22.75625,34,True
TCEQMAIN-13782,chlorophyll,no trend,0.4046702444107404,-1.0379999999999998,40.073,18,False
TCEQMAIN-13782,conductivity,increasing,0.03390907594960746,942.8571428571429,16335.714285714286,18,True
TCEQMAIN-13782,dissolved_oxygen,no trend,0.08100585410804317,-0.14545454545454548,8.036363636363637,18,False
TCEQMAIN-13782,dissolved_solids,no trend,1.0,-337.5,11356.25,6,False
TCEQMAIN-13782,nitrogen,decreasing,0.048555700739742136,-0.026500000000000006,1.36525,18,True
TCEQMAIN-13782,phosphorus,no trend,0.07482584277332749,0.010357142857142858,0.31946428571428576,18,False
TCEQMAIN-13782,temperature,no trend,0.1846173473336048,-0.2800000000000001,29.380000000000003,18,False
TCEQMAIN-14865,chlorophyll,no trend,0.19821061903884263,-0.18100000000000005,4.272,15,False
TCEQMAIN-14865,conductivity,no trend,0.3434194871827416,-150.0,54200.0,17,False
TCEQMAIN-14865,dissolved_oxygen,no trend,0.4338268403653007,0.039204545454545506,6.586363636363636,17,False
TCEQMAIN-14865,dissolved_solids,no trend,0.9015386266571279,-381.25,38884.375,8,False
TCEQMAIN-14865,nitrogen,no trend,0.29944545900678143,-0.0070714285714285645,0.3780357142857142,16,False
TCEQMAIN-14865,phosphorus,decreasing,0.04904048116689985,-0.003660000000000001,0.058300000000000005,11,True
TCEQMAIN-14865,temperature,no trend,0.7108359248149254,-0.03809523809523779,26.404761904761905,17,False
TCEQMAIN-14870,chlorophyll,no trend,0.9513521309544037,0.006624999999999981,1.6952500000000001,13,False
TCEQMAIN-14870,conductivity,no trend,0.32229959587191925,-233.33333333333334,54833.333333333336,15,False
TCEQMAIN-14870,dissolved_oxygen,no trend,0.17518729849903503,-0.06339285714285715,7.1504464285714295,16,False
TCEQMAIN-14870,dissolved_solids,no trend,0.5480055723613093,-1087.5,38862.5,7,False
TCEQMAIN-14870,nitrogen,no trend,0.9014830467273094,-0.0013333333333333305,0.46066666666666667,17,False
TCEQMAIN-14870,phosphorus,no trend,0.19051797173735352,-0.002723636363636364,0.057479999999999996,12,False
TCEQMAIN-14870,temperature,no trend,0.41723479960256205,-0.09374999999999974,28.103124999999995,16,False
TCEQMAIN-14871,chlorophyll,no trend,0.3247123843638571,-0.21949999999999997,8.370750000000001,18,False
TCEQMAIN-14871,conductivity,no trend,0.4708532345955083,-179.16666666666669,53493.75,16,False
TCEQMAIN-14871,dissolved_oxygen,no trend,0.5886326159214126,-0.0263888888888889,6.297916666666667,16,False
TCEQMAIN-14871,dissolved_solids,no trend,0.536186771900174,-242.85714285714286,36625.0,8,False
TCEQMAIN-14871,nitrogen,decreasing,0.04599936687503714,-0.015555555555555557,0.44,19,True
TCEQMAIN-14871,phosphorus,no trend,0.5110791998537825,0.0007692307692307699,0.05461538461538461,15,False
TCEQMAIN-14871,temperature,no trend,0.20698114280288005,-0.22083333333333338,27.85625,16,False
TCEQMAIN-14872,chlorophyll,insufficient,,,,2,False
TCEQMAIN-14872,conductivity,insufficient,,,,2,False
TCEQMAIN-14872,dissolved_oxygen,insufficient,,,,2,False
TCEQMAIN-14872,nitrogen,insufficient,,,,2,False
TCEQMAIN-14872,phosphorus,insufficient,,,,2,False
TCEQMAIN-14872,temperature,insufficient,,,,2,False
TCEQMAIN-14874,chlorophyll,insufficient,,,,1,False
TCEQMAIN-14874,conductivity,insufficient,,,,2,False
TCEQMAIN-14874,dissolved_oxygen,insufficient,,,,2,False
TCEQMAIN-14874,nitrogen,insufficient,,,,2,False
TCEQMAIN-14874,phosphorus,insufficient,,,,2,False
TCEQMAIN-14874,temperature,insufficient,,,,2,False
TCEQMAIN-14875,chlorophyll,no trend,0.5444860568259107,0.04500000000000002,5.834999999999999,18,False
TCEQMAIN-14875,conductivity,no trend,0.3923143472853552,-216.96428571428572,53877.232142857145,16,False
TCEQMAIN-14875,dissolved_oxygen,no trend,0.36739463173964726,-0.08397435897435895,6.8798076923076925,16,False
TCEQMAIN-14875,dissolved_solids,no trend,0.7105230229164894,591.6666666666666,33904.166666666664,8,False
TCEQMAIN-14875,nitrogen,decreasing,0.0009294324027595557,-0.016805555555555553,0.5321527777777777,20,True
TCEQMAIN-14875,phosphorus,no trend,0.4533080649990402,-0.0007179487179487176,0.07682051282051282,20,False
TCEQMAIN-14875,temperature,no trend,0.16280544974369304,-0.15916666666666632,28.693749999999998,16,False
TCEQMAIN-15547,conductivity,insufficient,,,,1,False
TCEQMAIN-15547,dissolved_oxygen,insufficient,,,,1,False
TCEQMAIN-15547,dissolved_solids,insufficient,,,,1,False
TCEQMAIN-15547,phosphorus,insufficient,,,,1,False
TCEQMAIN-15547,temperature,insufficient,,,,1,False
TCEQMAIN-15552,conductivity,insufficient,,,,1,False
TCEQMAIN-15552,dissolved_oxygen,insufficient,,,,1,False
TCEQMAIN-15552,temperature,insufficient,,,,1,False
TCEQMAIN-15552,turbidity,insufficient,,,,1,False
TCEQMAIN-15569,conductivity,insufficient,,,,1,False
TCEQMAIN-15569,dissolved_oxygen,insufficient,,,,1,False
TCEQMAIN-15569,dissolved_solids,insufficient,,,,1,False
TCEQMAIN-15569,phosphorus,insufficient,,,,1,False
TCEQMAIN-15569,temperature,insufficient,,,,1,False
TCEQMAIN-15597,chlorophyll,insufficient,,,,1,False
TCEQMAIN-15597,dissolved_oxygen,insufficient,,,,1,False
TCEQMAIN-15597,nitrogen,insufficient,,,,1,False
TCEQMAIN-15597,phosphorus,insufficient,,,,1,False
TCEQMAIN-15808,chlorophyll,no trend,0.8656490997057351,-0.16999999999999993,14.634999999999998,22,False
TCEQMAIN-15808,conductivity,increasing,0.006548694904543906,16.339285714285715,1096.607142857143,21,True
TCEQMAIN-15808,dissolved_oxygen,decreasing,0.0033615441394523327,-0.14250000000000002,8.5675,23,True
TCEQMAIN-15808,dissolved_solids,increasing,0.00826505849047754,9.75,651.75,23,True
TCEQMAIN-15808,nitrogen,no trend,0.32830788979748227,0.001894736842105262,0.29700789473684214,23,False
TCEQMAIN-15808,phosphorus,no trend,0.1668955057847059,0.002684210526315789,0.09181578947368421,22,False
TCEQMAIN-15808,temperature,no trend,0.15382082239203032,0.12142857142857164,26.16428571428571,23,False
TCEQMAIN-15808,turbidity,insufficient,,,,1,False
TCEQMAIN-15819,chlorophyll,insufficient,,,,1,False
TCEQMAIN-15819,conductivity,insufficient,,,,1,False
TCEQMAIN-15819,dissolved_oxygen,insufficient,,,,1,False
TCEQMAIN-15819,dissolved_solids,insufficient,,,,1,False
TCEQMAIN-15819,nitrogen,insufficient,,,,1,False
TCEQMAIN-15819,phosphorus,insufficient,,,,1,False
TCEQMAIN-15819,temperature,insufficient,,,,1,False
TCEQMAIN-16131,chlorophyll,insufficient,,,,1,False
TCEQMAIN-16131,conductivity,insufficient,,,,1,False
TCEQMAIN-16131,dissolved_oxygen,insufficient,,,,1,False
TCEQMAIN-16131,dissolved_solids,insufficient,,,,1,False
TCEQMAIN-16131,nitrogen,insufficient,,,,1,False
TCEQMAIN-16131,phosphorus,insufficient,,,,1,False
TCEQMAIN-16131,temperature,insufficient,,,,1,False
TCEQMAIN-16132,chlorophyll,insufficient,,,,1,False
TCEQMAIN-16132,conductivity,insufficient,,,,1,False
TCEQMAIN-16132,dissolved_oxygen,insufficient,,,,1,False
TCEQMAIN-16132,dissolved_solids,insufficient,,,,1,False
TCEQMAIN-16132,nitrogen,insufficient,,,,1,False
TCEQMAIN-16132,phosphorus,insufficient,,,,1,False
TCEQMAIN-16132,temperature,insufficient,,,,1,False
TCEQMAIN-16133,chlorophyll,insufficient,,,,1,False
TCEQMAIN-16133,conductivity,insufficient,,,,1,False
TCEQMAIN-16133,dissolved_oxygen,insufficient,,,,1,False
TCEQMAIN-16133,dissolved_solids,insufficient,,,,1,False
TCEQMAIN-16133,nitrogen,insufficient,,,,1,False
TCEQMAIN-16133,phosphorus,insufficient,,,,1,False
TCEQMAIN-16133,temperature,insufficient,,,,1,False
TCEQMAIN-16134,chlorophyll,insufficient,,,,1,False
TCEQMAIN-16134,conductivity,insufficient,,,,1,False
TCEQMAIN-16134,dissolved_oxygen,insufficient,,,,1,False
TCEQMAIN-16134,dissolved_solids,insufficient,,,,1,False
TCEQMAIN-16134,nitrogen,insufficient,,,,1,False
TCEQMAIN-16134,phosphorus,insufficient,,,,1,False
TCEQMAIN-16134,temperature,insufficient,,,,1,False
TCEQMAIN-16135,chlorophyll,insufficient,,,,1,False
TCEQMAIN-16135,conductivity,insufficient,,,,1,False
TCEQMAIN-16135,dissolved_oxygen,insufficient,,,,1,False
TCEQMAIN-16135,dissolved_solids,insufficient,,,,1,False
TCEQMAIN-16135,nitrogen,insufficient,,,,1,False
TCEQMAIN-16135,phosphorus,insufficient,,,,1,False
TCEQMAIN-16135,temperature,insufficient,,,,1,False
TCEQMAIN-16136,chlorophyll,insufficient,,,,1,False
TCEQMAIN-16136,conductivity,insufficient,,,,1,False
TCEQMAIN-16136,dissolved_oxygen,insufficient,,,,1,False
TCEQMAIN-16136,dissolved_solids,insufficient,,,,1,False
TCEQMAIN-16136,nitrogen,insufficient,,,,1,False
TCEQMAIN-16136,phosphorus,insufficient,,,,1,False
TCEQMAIN-16136,temperature,insufficient,,,,1,False
TCEQMAIN-16137,chlorophyll,insufficient,,,,2,False
TCEQMAIN-16137,conductivity,insufficient,,,,2,False
TCEQMAIN-16137,dissolved_oxygen,insufficient,,,,2,False
TCEQMAIN-16137,dissolved_solids,insufficient,,,,2,False
TCEQMAIN-16137,nitrogen,insufficient,,,,2,False
TCEQMAIN-16137,phosphorus,insufficient,,,,2,False
TCEQMAIN-16137,temperature,insufficient,,,,2,False
TCEQMAIN-16138,chlorophyll,insufficient,,,,1,False
TCEQMAIN-16138,conductivity,insufficient,,,,1,False
TCEQMAIN-16138,dissolved_oxygen,insufficient,,,,1,False
TCEQMAIN-16138,dissolved_solids,insufficient,,,,1,False
TCEQMAIN-16138,nitrogen,insufficient,,,,1,False
TCEQMAIN-16138,phosphorus,insufficient,,,,1,False
TCEQMAIN-16138,temperature,insufficient,,,,1,False
TCEQMAIN-16139,chlorophyll,insufficient,,,,1,False
TCEQMAIN-16139,conductivity,insufficient,,,,1,False
TCEQMAIN-16139,dissolved_oxygen,insufficient,,,,1,False
TCEQMAIN-16139,dissolved_solids,insufficient,,,,1,False
TCEQMAIN-16139,nitrogen,insufficient,,,,1,False
TCEQMAIN-16139,phosphorus,insufficient,,,,1,False
TCEQMAIN-16139,temperature,insufficient,,,,1,False
TCEQMAIN-16140,chlorophyll,insufficient,,,,1,False
TCEQMAIN-16140,conductivity,insufficient,,,,1,False
TCEQMAIN-16140,dissolved_oxygen,insufficient,,,,1,False
TCEQMAIN-16140,dissolved_solids,insufficient,,,,1,False
TCEQMAIN-16140,nitrogen,insufficient,,,,1,False
TCEQMAIN-16140,phosphorus,insufficient,,,,1,False
TCEQMAIN-16140,temperature,insufficient,,,,1,False
TCEQMAIN-16141,chlorophyll,no trend,1.0,6.350000000000001,31.825,4,False
TCEQMAIN-16141,conductivity,no trend,0.7340951823194757,36.75,4273.125,4,False
TCEQMAIN-16141,dissolved_oxygen,no trend,0.7340951823194757,-0.49458333333333304,9.359375,4,False
TCEQMAIN-16141,dissolved_solids,no trend,0.7340951823194757,-69.16666666666667,2728.75,4,False
TCEQMAIN-16141,nitrogen,no trend,0.7340951823194757,-0.07416666666666667,1.73625,4,False
TCEQMAIN-16141,phosphorus,no trend,0.08942935902899363,-0.029166666666666646,0.61375,4,False
TCEQMAIN-16141,temperature,no trend,1.0,0.13250000000000028,25.90875,4,False
TCEQMAIN-16142,chlorophyll,insufficient,,,,2,False
TCEQMAIN-16142,conductivity,insufficient,,,,3,False
TCEQMAIN-16142,dissolved_oxygen,insufficient,,,,3,False
TCEQMAIN-16142,dissolved_solids,insufficient,,,,3,False
TCEQMAIN-16142,nitrogen,insufficient,,,,2,False
TCEQMAIN-16142,phosphorus,insufficient,,,,3,False
TCEQMAIN-16142,temperature,insufficient,,,,3,False
TCEQMAIN-16143,chlorophyll,insufficient,,,,1,False
TCEQMAIN-16143,conductivity,insufficient,,,,2,False
TCEQMAIN-16143,dissolved_oxygen,insufficient,,,,2,False
TCEQMAIN-16143,dissolved_solids,insufficient,,,,2,False
TCEQMAIN-16143,nitrogen,insufficient,,,,2,False
TCEQMAIN-16143,phosphorus,insufficient,,,,2,False
TCEQMAIN-16143,temperature,insufficient,,,,2,False
TCEQMAIN-16144,chlorophyll,insufficient,,,,1,False
TCEQMAIN-16144,conductivity,insufficient,,,,2,False
TCEQMAIN-16144,dissolved_oxygen,insufficient,,,,2,False
TCEQMAIN-16144,dissolved_solids,insufficient,,,,2,False
TCEQMAIN-16144,nitrogen,insufficient,,,,2,False
TCEQMAIN-16144,phosphorus,insufficient,,,,2,False
TCEQMAIN-16144,temperature,insufficient,,,,2,False
TCEQMAIN-16145,chlorophyll,insufficient,,,,1,False
TCEQMAIN-16145,conductivity,insufficient,,,,2,False
TCEQMAIN-16145,dissolved_oxygen,insufficient,,,,2,False
TCEQMAIN-16145,dissolved_solids,insufficient,,,,2,False
TCEQMAIN-16145,nitrogen,insufficient,,,,2,False
TCEQMAIN-16145,phosphorus,insufficient,,,,2,False
TCEQMAIN-16145,temperature,insufficient,,,,2,False
TCEQMAIN-16146,chlorophyll,insufficient,,,,1,False
TCEQMAIN-16146,conductivity,insufficient,,,,2,False
TCEQMAIN-16146,dissolved_oxygen,insufficient,,,,2,False
TCEQMAIN-16146,dissolved_solids,insufficient,,,,2,False
TCEQMAIN-16146,nitrogen,insufficient,,,,2,False
TCEQMAIN-16146,phosphorus,insufficient,,,,2,False
TCEQMAIN-16146,temperature,insufficient,,,,2,False
TCEQMAIN-16147,chlorophyll,insufficient,,,,1,False
TCEQMAIN-16147,conductivity,insufficient,,,,2,False
TCEQMAIN-16147,dissolved_oxygen,insufficient,,,,2,False
TCEQMAIN-16147,dissolved_solids,insufficient,,,,2,False
TCEQMAIN-16147,nitrogen,insufficient,,,,2,False
TCEQMAIN-16147,phosphorus,insufficient,,,,2,False
TCEQMAIN-16147,temperature,insufficient,,,,2,False
TCEQMAIN-16151,conductivity,insufficient,,,,1,False
TCEQMAIN-16151,dissolved_oxygen,insufficient,,,,1,False
TCEQMAIN-16151,dissolved_solids,insufficient,,,,1,False
TCEQMAIN-16151,nitrogen,insufficient,,,,1,False
TCEQMAIN-16151,phosphorus,insufficient,,,,1,False
TCEQMAIN-16151,temperature,insufficient,,,,1,False
TCEQMAIN-16152,conductivity,insufficient,,,,1,False
TCEQMAIN-16152,dissolved_oxygen,insufficient,,,,1,False
TCEQMAIN-16152,dissolved_solids,insufficient,,,,1,False
TCEQMAIN-16152,nitrogen,insufficient,,,,1,False
TCEQMAIN-16152,phosphorus,insufficient,,,,1,False
TCEQMAIN-16152,temperature,insufficient,,,,1,False
TCEQMAIN-16153,conductivity,insufficient,,,,1,False
TCEQMAIN-16153,dissolved_oxygen,insufficient,,,,1,False
TCEQMAIN-16153,dissolved_solids,insufficient,,,,1,False
TCEQMAIN-16153,nitrogen,insufficient,,,,1,False
TCEQMAIN-16153,phosphorus,insufficient,,,,1,False
TCEQMAIN-16153,temperature,insufficient,,,,1,False
TCEQMAIN-16154,conductivity,insufficient,,,,1,False
TCEQMAIN-16154,dissolved_oxygen,insufficient,,,,1,False
TCEQMAIN-16154,dissolved_solids,insufficient,,,,1,False
TCEQMAIN-16154,nitrogen,insufficient,,,,1,False
TCEQMAIN-16154,phosphorus,insufficient,,,,1,False
TCEQMAIN-16154,temperature,insufficient,,,,1,False
TCEQMAIN-16155,chlorophyll,insufficient,,,,1,False
TCEQMAIN-16155,conductivity,insufficient,,,,1,False
TCEQMAIN-16155,dissolved_oxygen,insufficient,,,,1,False
TCEQMAIN-16155,dissolved_solids,insufficient,,,,1,False
TCEQMAIN-16155,nitrogen,insufficient,,,,1,False
TCEQMAIN-16155,phosphorus,insufficient,,,,1,False
TCEQMAIN-16155,temperature,insufficient,,,,1,False
TCEQMAIN-16288,chlorophyll,no trend,1.0,0.0,30.0,7,False
TCEQMAIN-16288,conductivity,no trend,0.36752073824214304,87.5,1382.5,7,False
TCEQMAIN-16288,dissolved_oxygen,no trend,0.10776229039192153,-0.76,8.71,8,False
TCEQMAIN-16288,dissolved_solids,no trend,0.11785089502136503,52.125,706.5,9,False
TCEQMAIN-16288,nitrogen,no trend,0.7544541774940892,0.15625,-0.05500000000000005,9,False
TCEQMAIN-16288,phosphorus,no trend,0.9169652366288645,0.00392857142857143,0.2142857142857143,9,False
TCEQMAIN-16288,temperature,no trend,0.9015386266571279,0.36250000000000027,26.381249999999998,8,False
TCEQMAIN-16444,chlorophyll,insufficient,,,,1,False
TCEQMAIN-16444,conductivity,insufficient,,,,1,False
TCEQMAIN-16444,dissolved_oxygen,insufficient,,,,1,False
TCEQMAIN-16444,dissolved_solids,insufficient,,,,1,False
TCEQMAIN-16444,nitrogen,insufficient,,,,1,False
TCEQMAIN-16444,phosphorus,insufficient,,,,1,False
TCEQMAIN-16444,temperature,insufficient,,,,1,False
TCEQMAIN-16445,chlorophyll,no trend,0.9128140271840748,0.060000000000000143,32.209999999999994,14,False
TCEQMAIN-16445,conductivity,no trend,0.2975437880723577,-43.333333333333336,3929.1666666666665,14,False
TCEQMAIN-16445,dissolved_oxygen,no trend,0.2735614117247491,-0.09999999999999964,7.977499999999998,14,False
TCEQMAIN-16445,dissolved_solids,no trend,0.7317017232242102,-8.595238095238095,2317.2738095238096,12,False
TCEQMAIN-16445,nitrogen,no trend,0.6614159170078631,0.029999999999999995,1.6024999999999998,14,False
TCEQMAIN-16445,phosphorus,increasing,0.037497490815719736,0.024541666666666666,0.5484791666666666,14,True
TCEQMAIN-16445,temperature,no trend,0.17047543147055033,0.24285714285714327,22.346428571428568,14,False
TCEQMAIN-16445,turbidity,decreasing,0.01158053383667168,-5.45,75.825,10,True
TCEQMAIN-16446,chlorophyll,insufficient,,,,1,False
TCEQMAIN-16446,conductivity,insufficient,,,,1,False
TCEQMAIN-16446,dissolved_oxygen,insufficient,,,,1,False
TCEQMAIN-16446,dissolved_solids,insufficient,,,,1,False
TCEQMAIN-16446,nitrogen,insufficient,,,,1,False
TCEQMAIN-16446,phosphorus,insufficient,,,,1,False
TCEQMAIN-16446,temperature,insufficient,,,,1,False
TCEQMAIN-17100,temperature,no trend,0.7205147871362552,1.4444999999999997,20.305250000000004,10,False
TCEQMAIN-17101,temperature,no trend,0.6534220947553175,0.8889999999999993,23.082750000000004,10,False
TCEQMAIN-17102,temperature,no trend,0.7205147871362552,1.3885000000000005,20.55725,10,False
TCEQMAIN-17111,chlorophyll,insufficient,,,,1,False
TCEQMAIN-17111,conductivity,insufficient,,,,2,False
TCEQMAIN-17111,dissolved_oxygen,insufficient,,,,2,False
TCEQMAIN-17111,dissolved_solids,insufficient,,,,2,False
TCEQMAIN-17111,nitrogen,insufficient,,,,2,False
TCEQMAIN-17111,phosphorus,insufficient,,,,2,False
TCEQMAIN-17111,temperature,insufficient,,,,2,False
TCEQMAIN-17112,chlorophyll,insufficient,,,,1,False
TCEQMAIN-17112,conductivity,insufficient,,,,2,False
TCEQMAIN-17112,dissolved_oxygen,insufficient,,,,2,False
TCEQMAIN-17112,dissolved_solids,insufficient,,,,2,False
TCEQMAIN-17112,nitrogen,insufficient,,,,2,False
TCEQMAIN-17112,phosphorus,insufficient,,,,2,False
TCEQMAIN-17112,temperature,insufficient,,,,2,False
TCEQMAIN-17113,chlorophyll,insufficient,,,,2,False
TCEQMAIN-17113,conductivity,no trend,0.25965635637045015,285.5,3108.75,6,False
TCEQMAIN-17113,dissolved_oxygen,no trend,0.13285495573105366,0.501,3.8975000000000004,6,False
TCEQMAIN-17113,dissolved_solids,insufficient,,,,2,False
TCEQMAIN-17113,nitrogen,no trend,0.4523703606773608,-0.013799999999999996,0.33399999999999996,6,False
TCEQMAIN-17113,phosphorus,no trend,0.4523703606773608,0.010000000000000002,0.029500000000000002,6,False
TCEQMAIN-17113,temperature,no trend,1.0,0.17666666666666705,24.058333333333334,6,False
TCEQMAIN-17114,chlorophyll,insufficient,,,,2,False
TCEQMAIN-17114,conductivity,insufficient,,,,2,False
TCEQMAIN-17114,dissolved_oxygen,insufficient,,,,2,False
TCEQMAIN-17114,dissolved_solids,insufficient,,,,2,False
TCEQMAIN-17114,nitrogen,no trend,0.7340951823194757,2.25,11.025,4,False
TCEQMAIN-17114,phosphorus,no trend,0.08942935902899363,0.5670833333333334,2.586875,4,False
TCEQMAIN-17114,temperature,insufficient,,,,2,False
TCEQMAIN-17115,chlorophyll,insufficient,,,,2,False
TCEQMAIN-17115,conductivity,insufficient,,,,2,False
TCEQMAIN-17115,dissolved_oxygen,insufficient,,,,2,False
TCEQMAIN-17115,dissolved_solids,insufficient,,,,2,False
TCEQMAIN-17115,nitrogen,insufficient,,,,2,False
TCEQMAIN-17115,phosphorus,insufficient,,,,2,False
TCEQMAIN-17115,temperature,insufficient,,,,2,False
TCEQMAIN-17117,temperature,no trend,0.8580276569875211,2.722249999999999,14.416625000000005,10,False
TCEQMAIN-17247,chlorophyll,increasing,0.02961735429227641,1.4246103896103892,4.853896103896108,21,True
TCEQMAIN-17247,conductivity,no trend,0.13944491282175608,10.0,1222.5,26,False
TCEQMAIN-17247,dissolved_oxygen,no trend,0.6275700358969845,0.03437499999999999,6.5953125,26,False
TCEQMAIN-17247,dissolved_solids,no trend,0.11947098677170076,18.4,632.0,11,False
TCEQMAIN-17247,nitrogen,no trend,0.2242075649590496,0.00795833333333333,0.5234791666666667,24,False
TCEQMAIN-17247,phosphorus,no trend,0.6370233999477268,-0.0025000000000000014,0.22625000000000003,24,False
TCEQMAIN-17247,temperature,no trend,0.9472657913187725,-0.007142857142857244,24.664285714285718,26,False
TCEQMAIN-17642,conductivity,insufficient,,,,2,False
TCEQMAIN-17642,dissolved_oxygen,insufficient,,,,2,False
TCEQMAIN-17642,temperature,insufficient,,,,2,False
TCEQMAIN-17642,turbidity,insufficient,,,,2,False
TCEQMAIN-17643,conductivity,insufficient,,,,2,False
TCEQMAIN-17643,dissolved_oxygen,insufficient,,,,2,False
TCEQMAIN-17643,temperature,insufficient,,,,2,False
TCEQMAIN-17643,turbidity,insufficient,,,,2,False
TCEQMAIN-17644,conductivity,insufficient,,,,2,False
TCEQMAIN-17644,dissolved_oxygen,insufficient,,,,2,False
TCEQMAIN-17644,temperature,insufficient,,,,2,False
TCEQMAIN-17644,turbidity,insufficient,,,,2,False
TCEQMAIN-17650,conductivity,insufficient,,,,2,False
TCEQMAIN-17650,dissolved_oxygen,insufficient,,,,2,False
TCEQMAIN-17650,temperature,insufficient,,,,2,False
TCEQMAIN-17975,temperature,no trend,1.0,6.25,60.875,4,False
TCEQMAIN-18196,chlorophyll,insufficient,,,,2,False
TCEQMAIN-18196,conductivity,insufficient,,,,2,False
TCEQMAIN-18196,dissolved_oxygen,insufficient,,,,2,False
TCEQMAIN-18196,dissolved_solids,insufficient,,,,2,False
TCEQMAIN-18196,nitrogen,insufficient,,,,2,False
TCEQMAIN-18196,phosphorus,insufficient,,,,2,False
TCEQMAIN-18196,temperature,insufficient,,,,2,False
TCEQMAIN-18196,turbidity,insufficient,,,,2,False
TCEQMAIN-20449,dissolved_oxygen,decreasing,0.024905034200693343,-0.2495,3.996,17,True
TCEQMAIN-20449,dissolved_solids,no trend,0.20698114280288005,7.732638888888889,882.0052083333334,16,False
TCEQMAIN-20449,nitrogen,no trend,0.4259831165449188,0.005416666666666686,0.13249999999999987,13,False
TCEQMAIN-20449,turbidity,decreasing,9.921865932494e-05,-3.66125,30.10625,11,True
TCEQMAIN-20698,chlorophyll,insufficient,,,,2,False
TCEQMAIN-20698,conductivity,insufficient,,,,2,False
TCEQMAIN-20698,dissolved_oxygen,insufficient,,,,1,False
TCEQMAIN-20698,dissolved_solids,insufficient,,,,2,False
TCEQMAIN-20698,nitrogen,insufficient,,,,2,False
TCEQMAIN-20698,phosphorus,insufficient,,,,1,False
TCEQMAIN-20698,temperature,insufficient,,,,2,False
TCEQMAIN-20850,nitrogen,insufficient,,,,2,False
TCEQMAIN-20850,phosphorus,insufficient,,,,2,False
TCEQMAIN-20851,nitrogen,insufficient,,,,2,False
TCEQMAIN-20851,phosphorus,insufficient,,,,2,False
TCEQMAIN-20853,nitrogen,insufficient,,,,2,False
TCEQMAIN-20853,phosphorus,insufficient,,,,2,False
TCEQMAIN-20854,nitrogen,insufficient,,,,2,False
TCEQMAIN-20854,phosphorus,insufficient,,,,2,False
TCEQMAIN-20855,nitrogen,insufficient,,,,2,False
TCEQMAIN-20855,phosphorus,insufficient,,,,2,False
TCEQMAIN-20856,nitrogen,insufficient,,,,2,False
TCEQMAIN-20856,phosphorus,insufficient,,,,2,False
TCEQMAIN-20857,nitrogen,insufficient,,,,2,False
TCEQMAIN-20857,phosphorus,insufficient,,,,2,False
TCEQMAIN-20858,nitrogen,insufficient,,,,2,False
TCEQMAIN-20858,phosphorus,insufficient,,,,2,False
TCEQMAIN-20859,nitrogen,insufficient,,,,2,False
TCEQMAIN-20859,phosphorus,insufficient,,,,2,False
TCEQMAIN-20860,nitrogen,insufficient,,,,2,False
TCEQMAIN-20860,phosphorus,insufficient,,,,2,False
TCEQMAIN-20861,nitrogen,insufficient,,,,2,False
TCEQMAIN-20861,phosphorus,insufficient,,,,2,False
TCEQMAIN-20862,nitrogen,insufficient,,,,2,False
TCEQMAIN-20862,phosphorus,insufficient,,,,2,False
TCEQMAIN-20863,nitrogen,insufficient,,,,2,False
TCEQMAIN-20863,phosphorus,insufficient,,,,2,False
TCEQMAIN-20864,nitrogen,insufficient,,,,2,False
TCEQMAIN-20864,phosphorus,insufficient,,,,2,False
TCEQMAIN-20865,nitrogen,insufficient,,,,2,False
TCEQMAIN-20865,phosphorus,insufficient,,,,2,False
TCEQMAIN-20866,nitrogen,insufficient,,,,2,False
TCEQMAIN-20866,phosphorus,insufficient,,,,2,False
TCEQMAIN-20867,nitrogen,insufficient,,,,2,False
TCEQMAIN-20867,phosphorus,insufficient,,,,2,False
TCEQMAIN-20868,nitrogen,insufficient,,,,2,False
TCEQMAIN-20868,phosphorus,insufficient,,,,2,False
TCEQMAIN-20869,nitrogen,insufficient,,,,2,False
TCEQMAIN-20869,phosphorus,insufficient,,,,2,False
TCEQMAIN-20879,dissolved_oxygen,insufficient,,,,2,False
TCEQMAIN-20879,nitrogen,insufficient,,,,2,False
TCEQMAIN-20879,phosphorus,insufficient,,,,2,False
TCEQMAIN-20901,dissolved_oxygen,insufficient,,,,1,False
TCEQMAIN-20901,nitrogen,insufficient,,,,1,False
TCEQMAIN-20901,phosphorus,insufficient,,,,1,False
TCEQMAIN-20902,dissolved_oxygen,insufficient,,,,2,False
TCEQMAIN-20902,nitrogen,insufficient,,,,2,False
TCEQMAIN-20902,phosphorus,insufficient,,,,2,False
TCEQMAIN-20903,dissolved_oxygen,insufficient,,,,1,False
TCEQMAIN-20903,nitrogen,insufficient,,,,1,False
TCEQMAIN-20903,phosphorus,insufficient,,,,1,False
TCEQMAIN-20908,dissolved_oxygen,insufficient,,,,2,False
TCEQMAIN-20908,nitrogen,insufficient,,,,2,False
TCEQMAIN-20908,phosphorus,insufficient,,,,2,False
TCEQMAIN-20909,dissolved_oxygen,insufficient,,,,2,False
TCEQMAIN-20909,nitrogen,insufficient,,,,2,False
TCEQMAIN-20909,phosphorus,insufficient,,,,2,False
TCEQMAIN-20930,chlorophyll,no trend,0.13764584551826475,-2.000000000000002,50.250000000000014,15,False
TCEQMAIN-20930,conductivity,no trend,0.2794137612246428,-23.125,3283.4375,16,False
TCEQMAIN-20930,dissolved_oxygen,decreasing,0.011608729625600889,-0.21437499999999998,10.0828125,16,True
TCEQMAIN-20930,nitrogen,no trend,0.23495478370334344,-0.0440909090909091,1.648636363636364,15,False
TCEQMAIN-20930,phosphorus,no trend,0.1546297519658153,0.020000000000000018,0.17749999999999988,14,False
TCEQMAIN-20930,temperature,no trend,0.7526419827681854,0.10999999999999996,23.500000000000004,16,False
TCEQMAIN-21012,chlorophyll,no trend,0.228439808988675,0.9583333333333334,9.970833333333331,14,False
TCEQMAIN-21012,conductivity,no trend,0.42848041949799653,-5.0,1265.0,15,False
TCEQMAIN-21012,dissolved_oxygen,no trend,0.34649499290378194,-0.057692307692307696,9.503846153846153,15,False
TCEQMAIN-21012,dissolved_solids,insufficient,,,,2,False
TCEQMAIN-21012,nitrogen,no trend,0.42848041949799653,0.017999999999999995,0.28500000000000003,15,False
TCEQMAIN-21012,phosphorus,no trend,0.21922547902520906,-0.0012500000000000011,0.07750000000000001,13,False
TCEQMAIN-21012,temperature,no trend,0.10203231139892899,-0.36250000000000027,27.487500000000004,15,False
TCEQMAIN-21120,chlorophyll,insufficient,,,,1,False
TCEQMAIN-21120,conductivity,insufficient,,,,1,False
TCEQMAIN-21120,dissolved_oxygen,insufficient,,,,1,False
TCEQMAIN-21120,nitrogen,insufficient,,,,1,False
TCEQMAIN-21120,phosphorus,insufficient,,,,1,False
TCEQMAIN-21120,temperature,insufficient,,,,1,False
TCEQMAIN-21121,conductivity,insufficient,,,,1,False
TCEQMAIN-21121,dissolved_oxygen,insufficient,,,,1,False
TCEQMAIN-21121,nitrogen,insufficient,,,,1,False
TCEQMAIN-21121,temperature,insufficient,,,,1,False
TCEQMAIN-21122,conductivity,insufficient,,,,1,False
TCEQMAIN-21122,dissolved_oxygen,insufficient,,,,1,False
TCEQMAIN-21122,nitrogen,insufficient,,,,1,False
TCEQMAIN-21122,temperature,insufficient,,,,1,False
TCEQMAIN-21194,conductivity,no trend,0.7340951823194757,-539.1666666666667,4038.75,4,False
TCEQMAIN-21194,dissolved_oxygen,no trend,0.08942935902899363,2.083333333333334,3.5249999999999995,4,False
TCEQMAIN-21194,nitrogen,no trend,0.7340951823194757,0.04924999999999996,0.20162500000000008,4,False
TCEQMAIN-21194,phosphorus,no trend,1.0,-0.0024999999999999988,0.371,4,False
TCEQMAIN-21194,temperature,no trend,0.4701007598741287,-0.9583333333333321,29.3375,4,False
TCEQMAIN-21195,conductivity,no trend,0.3081795474670539,-281.25,3156.875,4,False
TCEQMAIN-21195,dissolved_oxygen,no trend,0.08942935902899363,1.458333333333334,3.237499999999999,4,False
TCEQMAIN-21195,nitrogen,no trend,0.7340951823194757,0.04116666666666666,0.25675000000000003,4,False
TCEQMAIN-21195,phosphorus,no trend,1.0,-0.020166666666666652,0.30175,4,False
TCEQMAIN-21195,temperature,no trend,1.0,-0.2916666666666673,27.1125,4,False
TCEQMAIN-21509,dissolved_oxygen,insufficient,,,,1,False
TCEQMAIN-21510,dissolved_oxygen,insufficient,,,,2,False
TCEQMAIN-21522,dissolved_oxygen,insufficient,,,,1,False
TCEQMAIN-21522,dissolved_solids,insufficient,,,,1,False
TCEQMAIN-21522,nitrogen,insufficient,,,,1,False
TCEQMAIN-21522,phosphorus,insufficient,,,,1,False
TCEQMAIN-21523,dissolved_oxygen,insufficient,,,,1,False
TCEQMAIN-21523,dissolved_solids,insufficient,,,,1,False
TCEQMAIN-21523,nitrogen,insufficient,,,,1,False
TCEQMAIN-21523,phosphorus,insufficient,,,,1,False
TCEQMAIN-21524,dissolved_oxygen,insufficient,,,,1,False
TCEQMAIN-21524,dissolved_solids,insufficient,,,,1,False
TCEQMAIN-21524,nitrogen,insufficient,,,,1,False
TCEQMAIN-21524,phosphorus,insufficient,,,,1,False
TCEQMAIN-21525,dissolved_oxygen,insufficient,,,,1,False
TCEQMAIN-21525,dissolved_solids,insufficient,,,,1,False
TCEQMAIN-21525,nitrogen,insufficient,,,,1,False
TCEQMAIN-21525,phosphorus,insufficient,,,,1,False
TCEQMAIN-21526,dissolved_oxygen,insufficient,,,,1,False
TCEQMAIN-21526,dissolved_solids,insufficient,,,,1,False
TCEQMAIN-21526,nitrogen,insufficient,,,,1,False
TCEQMAIN-21527,dissolved_oxygen,insufficient,,,,1,False
TCEQMAIN-21527,dissolved_solids,insufficient,,,,1,False
TCEQMAIN-21527,nitrogen,insufficient,,,,1,False
TCEQMAIN-21527,phosphorus,insufficient,,,,1,False
TCEQMAIN-21528,dissolved_solids,insufficient,,,,1,False
TCEQMAIN-21528,nitrogen,insufficient,,,,1,False
TCEQMAIN-21528,phosphorus,insufficient,,,,1,False
TCEQMAIN-21529,dissolved_solids,insufficient,,,,1,False
TCEQMAIN-21529,nitrogen,insufficient,,,,1,False
TCEQMAIN-21536,dissolved_oxygen,insufficient,,,,3,False
TCEQMAIN-21537,dissolved_oxygen,insufficient,,,,3,False
TCEQMAIN-21591,chlorophyll,no trend,0.80649594050734,-1.3833333333333333,17.566666666666666,5,False
TCEQMAIN-21591,conductivity,no trend,0.7340951823194757,1078.3333333333333,1487.5,4,False
TCEQMAIN-21591,dissolved_oxygen,no trend,1.0,0.135,3.73,5,False
TCEQMAIN-21591,dissolved_solids,no trend,1.0,20.666666666666668,918.3333333333334,6,False
TCEQMAIN-21591,nitrogen,increasing,0.008534920414227098,0.07225,0.06962499999999999,6,True
TCEQMAIN-21591,phosphorus,increasing,0.0274863361115103,0.048666666666666664,0.04666666666666666,5,True
TCEQMAIN-21591,temperature,no trend,1.0,-0.43333333333333357,26.258333333333333,6,False
TCEQMAIN-21749,chlorophyll,no trend,0.7071142312899612,0.5425,8.49625,6,False
TCEQMAIN-21749,conductivity,no trend,0.80649594050734,-25.833333333333336,1211.6666666666667,5,False
TCEQMAIN-21749,dissolved_oxygen,no trend,1.0,-0.03750000000000009,5.112500000000001,7,False
TCEQMAIN-21749,dissolved_solids,no trend,0.9015386266571279,10.833333333333332,639.0833333333334,8,False
TCEQMAIN-21749,nitrogen,increasing,0.006090546056578772,0.06725,0.076125,8,True
TCEQMAIN-21749,phosphorus,no trend,0.22067136191984682,0.04350000000000001,0.009999999999999981,5,False
TCEQMAIN-21749,temperature,no trend,0.536186771900174,-0.9299999999999997,26.555,8,False
TCEQMAIN-21944,dissolved_oxygen,insufficient,,,,2,False
TCEQMAIN-21944,nitrogen,insufficient,,,,1,False
TCEQMAIN-21944,phosphorus,insufficient,,,,1,False
TCEQMAIN-21945,dissolved_oxygen,insufficient,,,,2,False
TCEQMAIN-21945,nitrogen,insufficient,,,,2,False
TCEQMAIN-21945,phosphorus,insufficient,,,,2,False
TCEQMAIN-21966,dissolved_oxygen,insufficient,,,,1,False
TCEQMAIN-21967,dissolved_oxygen,insufficient,,,,1,False
TCEQMAIN-21970,dissolved_oxygen,insufficient,,,,2,False
TCEQMAIN-21971,dissolved_oxygen,insufficient,,,,1,False
TCEQMAIN-21971,nitrogen,insufficient,,,,1,False
TCEQMAIN-21971,phosphorus,insufficient,,,,1,False
TCEQMAIN-21988,dissolved_oxygen,insufficient,,,,1,False
TCEQMAIN-22003,chlorophyll,no trend,0.2655103889538737,15.663043750000003,38.62934687499999,8,False
TCEQMAIN-22003,conductivity,no trend,0.7105230229164894,128.75,3984.375,8,False
TCEQMAIN-22003,dissolved_oxygen,no trend,1.0,0.03750000000000009,9.36875,8,False
TCEQMAIN-22003,dissolved_solids,no trend,0.7105230229164894,61.5,2651.5,8,False
TCEQMAIN-22003,nitrogen,no trend,0.06348653056076747,-0.22750000000000004,2.09875,8,False
TCEQMAIN-22003,phosphorus,no trend,0.38647623077123283,0.05583333333333329,0.5695833333333336,8,False
TCEQMAIN-22003,temperature,no trend,0.536186771900174,-0.27500000000000036,23.4875,8,False
TCEQMAIN-22003,turbidity,no trend,0.591875299282594,0.0,2.25,8,False
TCEQMAIN-22004,chlorophyll,no trend,0.2655103889538737,2.5666666666666673,26.816666666666663,8,False
TCEQMAIN-22004,conductivity,no trend,0.38647623077123283,172.5,3808.75,8,False
TCEQMAIN-22004,dissolved_oxygen,no trend,0.1735462217878534,-0.2875,8.35625,8,False
TCEQMAIN-22004,dissolved_solids,no trend,0.38647623077123283,77.0,2579.5,8,False
TCEQMAIN-22004,nitrogen,no trend,0.9000040960811826,0.012499999999999983,1.15625,8,False
TCEQMAIN-22004,phosphorus,increasing,0.018741136789596657,0.04333333333333332,0.1708333333333334,8,True
TCEQMAIN-22004,temperature,no trend,0.536186771900174,-0.6900000000000002,25.564999999999998,8,False
TCEQMAIN-22004,turbidity,no trend,0.24656588363440912,0.0,2.0,8,False
TCEQMAIN-22118,conductivity,insufficient,,,,3,False
TCEQMAIN-22118,dissolved_oxygen,insufficient,,,,3,False
TCEQMAIN-22118,nitrogen,insufficient,,,,3,False
TCEQMAIN-22118,phosphorus,insufficient,,,,3,False
TCEQMAIN-22118,temperature,insufficient,,,,3,False
TCEQMAIN-22118,water_level,insufficient,,,,3,False
TCEQMAIN-22120,conductivity,insufficient,,,,3,False
TCEQMAIN-22120,dissolved_oxygen,insufficient,,,,3,False
TCEQMAIN-22120,nitrogen,insufficient,,,,3,False
TCEQMAIN-22120,phosphorus,insufficient,,,,3,False
TCEQMAIN-22120,temperature,insufficient,,,,3,False
TCEQMAIN-22120,water_level,insufficient,,,,3,False
TCEQMAIN-22121,conductivity,insufficient,,,,3,False
TCEQMAIN-22121,dissolved_oxygen,insufficient,,,,3,False
TCEQMAIN-22121,nitrogen,insufficient,,,,3,False
TCEQMAIN-22121,phosphorus,insufficient,,,,3,False
TCEQMAIN-22121,temperature,insufficient,,,,3,False
TCEQMAIN-22121,water_level,insufficient,,,,3,False
TCEQMAIN-22170,chlorophyll,no trend,0.4624327264504764,-1.0375000000000003,19.275,5,False
TCEQMAIN-22170,conductivity,no trend,0.80649594050734,1412.5,42775.0,5,False
TCEQMAIN-22170,dissolved_oxygen,no trend,1.0,-0.22499999999999964,6.1,5,False
TCEQMAIN-22170,dissolved_solids,no trend,0.22067136191984682,2342.25,26018.5,5,False
TCEQMAIN-22170,nitrogen,no trend,0.4624327264504764,-0.14166666666666666,1.1833333333333333,5,False
TCEQMAIN-22170,phosphorus,no trend,0.4624327264504764,-0.06624999999999998,0.5275,5,False
TCEQMAIN-22170,temperature,no trend,0.22067136191984682,0.6416666666666664,24.46666666666667,5,False
TCEQMAIN-22170,turbidity,no trend,0.2888443663464848,0.0,2.0,5,False
TCEQMAIN-22267,dissolved_oxygen,insufficient,,,,1,False
TCEQMAIN-22267,nitrogen,insufficient,,,,1,False
TCEQMAIN-22267,phosphorus,insufficient,,,,2,False
TCEQMAIN-22268,dissolved_oxygen,insufficient,,,,2,False
TCEQMAIN-22268,nitrogen,insufficient,,,,2,False
TCEQMAIN-22268,phosphorus,insufficient,,,,2,False
TCEQMAIN-22269,dissolved_oxygen,insufficient,,,,1,False
TCEQMAIN-22269,nitrogen,insufficient,,,,1,False
TCEQMAIN-22269,phosphorus,insufficient,,,,2,False
TCEQMAIN-22270,dissolved_oxygen,insufficient,,,,2,False
TCEQMAIN-22270,nitrogen,insufficient,,,,2,False
TCEQMAIN-22270,phosphorus,insufficient,,,,2,False
TCEQMAIN-22401,chlorophyll,insufficient,,,,1,False
TCEQMAIN-22401,conductivity,insufficient,,,,1,False
TCEQMAIN-22401,nitrogen,insufficient,,,,1,False
TCEQMAIN-22401,phosphorus,insufficient,,,,1,False
TCEQMAIN-22401,temperature,insufficient,,,,1,False
TCEQMAIN-22402,chlorophyll,insufficient,,,,1,False
TCEQMAIN-22402,nitrogen,insufficient,,,,1,False
TCEQMAIN-22402,phosphorus,insufficient,,,,1,False
