monitoring_location_id,priority_group,trend,p,slope,intercept,n,data_type,significant
USGS-08470500,conductivity,no trend,0.1735462217878534,-1055.6251387361547,17941.814323917584,8,daily,False
USGS-08470500,dissolved_oxygen,no trend,0.22955621387891956,0.33334262636588274,3.611318139225114,7,daily,False
USGS-08470500,temperature,no trend,1.0,0.01064798855393434,25.07752254549751,8,daily,False
USGS-08470500,water_level,no trend,0.5829505577618919,0.009495403785401946,10.550178262219095,13,daily,False
USGS-08474095,discharge,no trend,0.80649594050734,-0.23197073063609064,3.9132572507458656,5,daily,False
USGS-08474107,discharge,no trend,0.22067136191984682,0.47474833027462804,2.6443389558891,5,daily,False
USGS-08474108,discharge,no trend,0.80649594050734,0.46776826210919553,4.102025119617225,5,daily,False
USGS-08474110,discharge,no trend,0.80649594050734,1.1145029342847441,19.870172213622293,5,daily,False
USGS-08474110,water_level,no trend,0.80649594050734,0.016686294228498044,1.273504123871771,5,daily,False
USGS-08474118,discharge,insufficient,,,,3,daily,False
USGS-08474300,discharge,no trend,0.08641073297370006,-1.6047802041685784,7.83150029904754,5,daily,False
USGS-08474300,water_level,no trend,0.13285495573105366,0.06928767123287671,0.9544377668917566,6,daily,False
USGS-260552097100701,water_level,insufficient,,,,3,daily,False
USGS-08461200,conductivity,insufficient,,,,1,samples,False
USGS-08461200,dissolved_oxygen,insufficient,,,,1,samples,False
USGS-08461200,dissolved_solids,insufficient,,,,1,samples,False
USGS-08461200,nitrogen,insufficient,,,,1,samples,False
USGS-08461200,pH,insufficient,,,,1,samples,False
USGS-08461200,phosphorus,insufficient,,,,1,samples,False
USGS-08461200,temperature,insufficient,,,,1,samples,False
USGS-08461300,chlorophyll,insufficient,,,,0,samples,False
USGS-08461300,conductivity,no trend,0.11435410181514816,-5.690476190476191,1139.6666666666667,29,samples,False
USGS-08461300,discharge,no trend,0.195559652706897,5.3173076923076925,215.55769230769232,29,samples,False
USGS-08461300,dissolved_oxygen,no trend,0.0867681727038756,-3.144444444444445,47.22222222222223,11,samples,False
USGS-08461300,dissolved_solids,no trend,0.08096504392113313,-4.083333333333334,693.1666666666666,29,samples,False
USGS-08461300,nitrogen,no trend,0.09901983206246179,-0.005849999999999999,0.300175,12,samples,False
USGS-08461300,pH,no trend,0.05543918137118253,0.008333333333333378,7.783333333333333,29,samples,False
USGS-08461300,phosphorus,no trend,0.06497629182835385,-0.0012777777777777779,0.02588888888888889,11,samples,False
USGS-08461300,temperature,no trend,1.0,0.0,22.9,29,samples,False
USGS-08461300,turbidity,no trend,0.7554968749288828,-0.15000000000000002,7.25,11,samples,False
USGS-08464700,conductivity,no trend,0.3714376046201058,3.090909090909091,1121.9545454545455,24,samples,False
USGS-08464700,discharge,no trend,0.4719390404163102,-3.424715909090909,374.13423295454544,24,samples,False
USGS-08464700,dissolved_solids,no trend,0.6913729223867178,-0.7491638795986622,694.1153846153846,24,samples,False
USGS-08464700,nitrogen,insufficient,,,,1,samples,False
USGS-08464700,pH,no trend,0.8787029736863377,0.0,7.8,24,samples,False
USGS-08464700,temperature,no trend,0.8225959773677032,0.0,23.7,24,samples,False
USGS-08466300,chlorophyll,insufficient,,,,1,samples,False
USGS-08466300,conductivity,no trend,0.746955916821624,1.6875,1190.59375,24,samples,False
USGS-08466300,discharge,no trend,0.1802941154412765,-11.242788461538462,507.5420673076923,24,samples,False
USGS-08466300,dissolved_solids,no trend,0.4419310120112123,-2.7222222222222223,735.8055555555555,24,samples,False
USGS-08466300,pH,no trend,0.07436678476715719,0.005012531328320807,7.74235588972431,24,samples,False
USGS-08466300,temperature,no trend,0.45536005568009497,0.07916666666666666,23.964583333333334,24,samples,False
USGS-08467800,conductivity,no trend,0.10754282889930056,-50.0,6555.0,19,samples,False
USGS-08467800,discharge,no trend,0.32669274859677966,-0.14285714285714285,18.785714285714285,19,samples,False
USGS-08467800,dissolved_oxygen,insufficient,,,,1,samples,False
USGS-08467800,dissolved_solids,decreasing,0.030074680666103193,-23.5,645.5,19,samples,True
USGS-08467800,pH,no trend,0.47786972452647314,0.0,7.9,19,samples,False
USGS-08467800,temperature,no trend,0.4815930102434418,0.08333333333333333,23.1,19,samples,False
USGS-08469150,conductivity,insufficient,,,,1,samples,False
USGS-08469150,dissolved_oxygen,insufficient,,,,1,samples,False
USGS-08469150,pH,insufficient,,,,1,samples,False
USGS-08469150,temperature,insufficient,,,,1,samples,False
USGS-08469200,conductivity,no trend,0.8150537142163812,-1.1651583710407238,1268.9819004524886,25,samples,False
USGS-08469200,discharge,decreasing,0.03099186716634339,-5.154761904761905,269.1666666666667,29,samples,True
USGS-08469200,dissolved_solids,no trend,0.0701839854914923,-4.9,797.1,24,samples,False
USGS-08469200,nitrogen,insufficient,,,,1,samples,False
USGS-08469200,pH,no trend,0.1506749464294843,0.005277777777777781,7.836666666666667,25,samples,False
USGS-08469200,phosphorus,insufficient,,,,1,samples,False
USGS-08469200,temperature,increasing,0.0018434431309650723,0.14087301587301587,22.598214285714285,28,samples,True
USGS-08470140,conductivity,insufficient,,,,1,samples,False
USGS-08470140,dissolved_oxygen,insufficient,,,,1,samples,False
USGS-08470140,pH,insufficient,,,,1,samples,False
USGS-08470140,temperature,insufficient,,,,1,samples,False
USGS-08470142,phosphorus,insufficient,,,,1,samples,False
USGS-08470200,discharge,no trend,0.13285495573105366,120.75,-39.125,6,samples,False
USGS-08470200,temperature,no trend,0.25965635637045015,-1.6666666666666667,29.666666666666668,6,samples,False
USGS-08470300,conductivity,insufficient,,,,1,samples,False
USGS-08470300,discharge,no trend,0.4523703606773608,-23.425,117.5875,6,samples,False
USGS-08470300,dissolved_solids,insufficient,,,,0,samples,False
USGS-08470300,nitrogen,insufficient,,,,1,samples,False
USGS-08470300,pH,insufficient,,,,0,samples,False
USGS-08470300,temperature,no trend,0.9447209573441271,0.0,24.0,12,samples,False
USGS-08470335,conductivity,insufficient,,,,1,samples,False
USGS-08470335,dissolved_oxygen,insufficient,,,,1,samples,False
USGS-08470335,pH,insufficient,,,,1,samples,False
USGS-08470335,temperature,insufficient,,,,1,samples,False
USGS-08470400,conductivity,decreasing,0.0006417965254799096,-38.75,4591.875,22,samples,True
USGS-08470400,discharge,no trend,0.6518692807184261,-0.5473684210526318,93.97236842105264,22,samples,False
USGS-08470400,dissolved_oxygen,no trend,0.6512644745165059,-0.01904761904761902,8.2,22,samples,False
USGS-08470400,dissolved_solids,decreasing,0.0023238926140103366,-48.46153846153846,2588.846153846154,22,samples,True
USGS-08470400,nitrogen,no trend,0.6309085814431539,0.0034615384615384647,1.0386538461538464,22,samples,False
USGS-08470400,pH,no trend,0.6789778205314905,0.0,7.824999999999999,22,samples,False
USGS-08470400,phosphorus,no trend,0.5535880654873966,0.003333333333333336,0.49749999999999994,22,samples,False
USGS-08470400,temperature,no trend,0.865188228580902,0.0,26.25,22,samples,False
USGS-08470400,turbidity,no trend,0.06649748347895557,2.85,71.575,22,samples,False
USGS-08470450,chlorophyll,insufficient,,,,1,samples,False
USGS-08470450,conductivity,insufficient,,,,2,samples,False
USGS-08470450,dissolved_oxygen,insufficient,,,,2,samples,False
USGS-08470450,dissolved_solids,insufficient,,,,1,samples,False
USGS-08470450,nitrogen,insufficient,,,,1,samples,False
USGS-08470450,pH,insufficient,,,,2,samples,False
USGS-08470450,phosphorus,insufficient,,,,1,samples,False
USGS-08470450,temperature,insufficient,,,,2,samples,False
USGS-08470450,turbidity,insufficient,,,,1,samples,False
USGS-08470460,chlorophyll,insufficient,,,,1,samples,False
USGS-08470460,conductivity,insufficient,,,,1,samples,False
USGS-08470460,dissolved_oxygen,insufficient,,,,1,samples,False
USGS-08470460,dissolved_solids,insufficient,,,,1,samples,False
USGS-08470460,nitrogen,insufficient,,,,1,samples,False
USGS-08470460,pH,insufficient,,,,1,samples,False
USGS-08470460,phosphorus,insufficient,,,,1,samples,False
USGS-08470460,temperature,insufficient,,,,1,samples,False
USGS-08470460,turbidity,insufficient,,,,1,samples,False
USGS-08470500,chlorophyll,insufficient,,,,1,samples,False
USGS-08470500,conductivity,insufficient,,,,1,samples,False
USGS-08470500,dissolved_oxygen,insufficient,,,,1,samples,False
USGS-08470500,dissolved_solids,insufficient,,,,1,samples,False
USGS-08470500,nitrogen,insufficient,,,,1,samples,False
USGS-08470500,pH,insufficient,,,,1,samples,False
USGS-08470500,phosphorus,insufficient,,,,1,samples,False
USGS-08470500,temperature,insufficient,,,,1,samples,False
USGS-08470500,turbidity,insufficient,,,,1,samples,False
USGS-08470520,chlorophyll,insufficient,,,,1,samples,False
USGS-08470520,conductivity,insufficient,,,,1,samples,False
USGS-08470520,dissolved_oxygen,insufficient,,,,1,samples,False
USGS-08470520,dissolved_solids,insufficient,,,,1,samples,False
USGS-08470520,nitrogen,insufficient,,,,1,samples,False
USGS-08470520,pH,insufficient,,,,1,samples,False
USGS-08470520,phosphorus,insufficient,,,,1,samples,False
USGS-08470520,temperature,insufficient,,,,1,samples,False
USGS-08470520,turbidity,insufficient,,,,1,samples,False
USGS-08470990,conductivity,insufficient,,,,1,samples,False
USGS-08470990,dissolved_oxygen,insufficient,,,,1,samples,False
USGS-08470990,pH,insufficient,,,,1,samples,False
USGS-08470990,temperature,insufficient,,,,1,samples,False
USGS-08471005,conductivity,insufficient,,,,1,samples,False
USGS-08471005,dissolved_oxygen,insufficient,,,,1,samples,False
USGS-08471005,pH,insufficient,,,,1,samples,False
USGS-08471005,temperature,insufficient,,,,1,samples,False
USGS-08471010,conductivity,insufficient,,,,1,samples,False
USGS-08471010,dissolved_oxygen,insufficient,,,,1,samples,False
USGS-08471010,pH,insufficient,,,,1,samples,False
USGS-08471010,temperature,insufficient,,,,1,samples,False
USGS-08471030,conductivity,insufficient,,,,1,samples,False
USGS-08471030,dissolved_oxygen,insufficient,,,,1,samples,False
USGS-08471030,pH,insufficient,,,,1,samples,False
USGS-08471030,temperature,insufficient,,,,1,samples,False
USGS-08471040,conductivity,insufficient,,,,1,samples,False
USGS-08471040,dissolved_oxygen,insufficient,,,,1,samples,False
USGS-08471040,pH,insufficient,,,,1,samples,False
USGS-08471040,temperature,insufficient,,,,1,samples,False
USGS-08471050,conductivity,insufficient,,,,1,samples,False
USGS-08471050,dissolved_oxygen,insufficient,,,,1,samples,False
USGS-08471050,pH,insufficient,,,,1,samples,False
USGS-08471050,temperature,insufficient,,,,1,samples,False
USGS-08474550,conductivity,no trend,0.4624327264504764,-48.125,1466.25,5,samples,False
USGS-08474550,discharge,insufficient,,,,1,samples,False
USGS-08474550,dissolved_oxygen,no trend,1.0,-0.03749999999999876,8.274999999999997,5,samples,False
USGS-08474550,dissolved_solids,no trend,0.80649594050734,-42.468749999999986,365.3425,5,samples,False
USGS-08474550,nitrogen,no trend,0.22067136191984682,0.09125000000000001,0.7075,5,samples,False
USGS-08474550,pH,no trend,0.3122163883433191,0.09375000000000044,7.8625,5,samples,False
USGS-08474550,phosphorus,increasing,0.0274863361115103,0.02,0.07,5,samples,True
USGS-08474550,temperature,no trend,0.6133543559547467,-0.6979166666666667,27.645833333333332,5,samples,False
USGS-08474550,turbidity,no trend,0.80649594050734,1.6666666666666665,24.666666666666668,5,samples,False
USGS-08475000,chlorophyll,no trend,0.7340951823194757,2.578333333333333,-1.9774999999999996,4,samples,False
USGS-08475000,conductivity,no trend,0.4645487710216214,0.8,1328.8,54,samples,False
USGS-08475000,discharge,decreasing,0.0037719093408734583,-3.5,173.0,55,samples,True
USGS-08475000,dissolved_oxygen,no trend,0.10209311909736174,0.03999999999999991,7.360000000000003,53,samples,False
USGS-08475000,dissolved_solids,no trend,0.7241913677645959,0.22727272727272727,718.5909090909091,53,samples,False
USGS-08475000,nitrogen,increasing,0.026548349880809674,0.0038172541743970315,0.2957513914656772,53,samples,True
USGS-08475000,pH,no trend,0.4011891335216067,0.0,8.05,53,samples,False
USGS-08475000,phosphorus,no trend,0.1246360272476219,0.0012231800766283525,0.06819731800766285,53,samples,False
USGS-08475000,temperature,no trend,0.19498138896614248,0.018518518518518517,26.562962962962963,59,samples,False
USGS-08475000,turbidity,decreasing,0.010814120696211571,-0.28708791208791207,31.964285714285715,53,samples,True
USGS-255702097240600,chlorophyll,insufficient,,,,2,samples,False
USGS-255702097240600,conductivity,no trend,0.22955621387891956,-958.3333333333334,52125.0,7,samples,False
USGS-255702097240600,dissolved_oxygen,no trend,0.7638905934705396,-0.2800000000000001,7.74,7,samples,False
USGS-255702097240600,dissolved_solids,no trend,0.3122163883433191,-898.7187500000002,17368.5875,5,samples,False
USGS-255702097240600,nitrogen,no trend,1.0,0.0,0.061,7,samples,False
USGS-255702097240600,pH,no trend,0.7638905934705396,0.025000000000000133,7.725,7,samples,False
USGS-255702097240600,phosphorus,no trend,0.8792572071248308,0.003333333333333332,0.105,7,samples,False
USGS-255702097240600,temperature,decreasing,0.035498131320662596,-1.2833333333333325,31.249999999999996,7,samples,True
USGS-255702097240600,turbidity,insufficient,,,,2,samples,False
USGS-255845097191800,conductivity,no trend,0.1805996164939243,-1750.0,51375.0,6,samples,False
USGS-255845097191800,dissolved_oxygen,no trend,0.4523703606773608,-1.0875,25.668750000000003,6,samples,False
USGS-255845097191800,pH,no trend,0.8792572071248308,0.02499999999999991,7.825000000000001,7,samples,False
USGS-255845097191800,temperature,decreasing,0.04828610767668162,-1.25,31.05,7,samples,True
USGS-255845097191800,turbidity,insufficient,,,,2,samples,False
USGS-255952097172400,conductivity,no trend,0.3359085933490469,-500.0,53125.0,12,samples,False
USGS-255952097172400,dissolved_oxygen,decreasing,0.0009694411962555272,-2.479166666666667,21.860416666666666,12,samples,True
USGS-255952097172400,nitrogen,no trend,0.4523703606773608,0.0231,0.10375000000000001,6,samples,False
USGS-255952097172400,pH,no trend,0.09742381861890981,0.030952380952380915,7.804761904761905,12,samples,False
USGS-255952097172400,phosphorus,no trend,1.0,-0.0012500000000000002,0.07250000000000001,5,samples,False
USGS-255952097172400,temperature,decreasing,0.003191966353548681,-0.9583333333333333,30.020833333333332,12,samples,True
USGS-255952097172400,turbidity,insufficient,,,,2,samples,False
USGS-260034097161000,conductivity,insufficient,,,,1,samples,False
USGS-260034097161000,dissolved_oxygen,insufficient,,,,1,samples,False
USGS-260034097161000,pH,insufficient,,,,1,samples,False
USGS-260034097161000,temperature,insufficient,,,,1,samples,False
USGS-260106097151000,chlorophyll,insufficient,,,,2,samples,False
USGS-260106097151000,conductivity,no trend,0.5480055723613093,1000.0,48000.0,7,samples,False
USGS-260106097151000,dissolved_oxygen,no trend,1.0,-0.26249999999999996,8.143749999999999,8,samples,False
USGS-260106097151000,nitrogen,no trend,0.35644098559126336,0.0033333333333333335,0.0,7,samples,False
USGS-260106097151000,pH,increasing,0.04606339639357415,0.09999999999999987,7.725,8,samples,True
USGS-260106097151000,phosphorus,no trend,0.28761132005648804,0.007000000000000001,0.013999999999999999,7,samples,False
USGS-260106097151000,temperature,no trend,0.45442730225683414,-0.3392857142857143,28.2875,8,samples,False
USGS-260106097151000,turbidity,insufficient,,,,3,samples,False
USGS-260204097443701,conductivity,insufficient,,,,1,samples,False
USGS-260204097443701,dissolved_oxygen,insufficient,,,,1,samples,False
USGS-260204097443701,dissolved_solids,insufficient,,,,1,samples,False
USGS-260204097443701,nitrogen,insufficient,,,,1,samples,False
USGS-260204097443701,pH,insufficient,,,,1,samples,False
USGS-260204097443701,phosphorus,insufficient,,,,1,samples,False
USGS-260204097443701,temperature,insufficient,,,,1,samples,False
USGS-260204097443701,turbidity,insufficient,,,,1,samples,False
USGS-260219097125000,conductivity,no trend,0.37109336952269745,-1500.0,48250.0,4,samples,False
USGS-260219097125000,dissolved_oxygen,no trend,0.7340951823194757,5.016666666666666,23.725,4,samples,False
USGS-260219097125000,dissolved_solids,insufficient,,,,1,samples,False
USGS-260219097125000,nitrogen,insufficient,,,,1,samples,False
USGS-260219097125000,pH,no trend,0.794002680192762,0.016666666666666607,8.066666666666666,5,samples,False
USGS-260219097125000,phosphorus,insufficient,,,,1,samples,False
USGS-260219097125000,temperature,no trend,0.4624327264504764,-0.6270833333333334,28.154166666666665,5,samples,False
USGS-260219097125000,turbidity,insufficient,,,,1,samples,False
USGS-260256097115100,conductivity,no trend,0.80649594050734,583.3333333333333,49833.333333333336,5,samples,False
USGS-260256097115100,dissolved_oxygen,no trend,0.4624327264504764,-11.591666666666667,57.78333333333333,5,samples,False
USGS-260256097115100,nitrogen,insufficient,,,,2,samples,False
USGS-260256097115100,pH,no trend,0.4334219309560736,0.0499999999999996,8.049999999999999,5,samples,False
USGS-260256097115100,phosphorus,insufficient,,,,2,samples,False
USGS-260256097115100,temperature,no trend,0.80649594050734,-0.4395833333333332,26.879166666666666,5,samples,False
USGS-260256097115100,turbidity,insufficient,,,,3,samples,False
USGS-260328097124300,conductivity,no trend,0.5458167496705262,-1500.0,50250.0,6,samples,False
USGS-260328097124300,dissolved_oxygen,no trend,0.7071142312899612,-1.1,48.35,6,samples,False
USGS-260328097124300,pH,no trend,0.8483117025202374,0.040000000000000036,8.0,6,samples,False
USGS-260328097124300,temperature,no trend,0.060289173990602185,-1.6500000000000004,29.925,6,samples,False
USGS-260328097124300,turbidity,insufficient,,,,3,samples,False
USGS-260356097100000,conductivity,no trend,0.1735462217878534,-757.1428571428571,53150.0,8,samples,False
USGS-260356097100000,dissolved_oxygen,no trend,0.31856749864330225,0.41249999999999987,5.30625,8,samples,False
USGS-260356097100000,nitrogen,no trend,0.6519984739409255,0.0,0.0,6,samples,False
USGS-260356097100000,pH,no trend,0.6179886442607208,0.04500000000000001,7.992499999999999,8,samples,False
USGS-260356097100000,phosphorus,no trend,0.56609026181685,0.0075,0.023750000000000004,6,samples,False
USGS-260356097100000,temperature,no trend,0.536186771900174,-0.29374999999999973,27.278125,8,samples,False
USGS-260356097100000,turbidity,no trend,0.3122163883433191,-2.916666666666667,15.833333333333334,5,samples,False
USGS-260357097081000,conductivity,no trend,0.4624327264504764,-1750.0,54500.0,5,samples,False
USGS-260357097081000,dissolved_oxygen,no trend,0.22067136191984682,1.1749999999999994,47.9,5,samples,False
USGS-260357097081000,nitrogen,no trend,0.08641073297370006,0.013250000000000001,-0.006500000000000002,5,samples,False
USGS-260357097081000,pH,no trend,0.12955135290440878,-0.06250000000000044,8.325,5,samples,False
USGS-260357097081000,phosphorus,no trend,0.26725749315438785,0.005833333333333333,0.04833333333333333,5,samples,False
USGS-260357097081000,temperature,no trend,1.0,-0.5416666666666666,22.083333333333332,5,samples,False
USGS-260359097124300,conductivity,no trend,0.36752073824214304,-1000.0,53000.0,7,samples,False
USGS-260359097124300,dissolved_oxygen,no trend,0.7638905934705396,0.7000000000000011,44.6,7,samples,False
USGS-260359097124300,nitrogen,insufficient,,,,1,samples,False
USGS-260359097124300,pH,no trend,1.0,0.0,8.1,7,samples,False
USGS-260359097124300,phosphorus,insufficient,,,,1,samples,False
USGS-260359097124300,temperature,decreasing,0.035498131320662596,-0.9750000000000005,29.225,7,samples,True
USGS-260359097124300,turbidity,insufficient,,,,3,samples,False
USGS-260412097120600,chlorophyll,insufficient,,,,2,samples,False
USGS-260412097120600,conductivity,no trend,1.0,0.0,48500.0,6,samples,False
USGS-260412097120600,dissolved_oxygen,no trend,1.0,-0.15000000000000005,7.9,6,samples,False
USGS-260412097120600,dissolved_solids,insufficient,,,,1,samples,False
USGS-260412097120600,nitrogen,no trend,0.7340951823194757,-0.0135,0.03975,4,samples,False
USGS-260412097120600,pH,no trend,0.8483117025202374,-0.019999999999999928,8.100000000000001,6,samples,False
USGS-260412097120600,phosphorus,no trend,0.14856177489186861,0.015000000000000003,0.0325,4,samples,False
USGS-260412097120600,temperature,no trend,0.060289173990602185,-1.4250000000000007,28.9625,6,samples,False
USGS-260412097120600,turbidity,insufficient,,,,3,samples,False
USGS-260439097131000,conductivity,no trend,0.35832646674888036,-343.75,51062.5,13,samples,False
USGS-260439097131000,dissolved_oxygen,no trend,0.12720368763109935,1.2181249999999997,37.59125,13,samples,False
USGS-260439097131000,nitrogen,insufficient,,,,3,samples,False
USGS-260439097131000,pH,no trend,0.415897052959439,0.015476190476190548,8.007142857142856,13,samples,False
USGS-260439097131000,phosphorus,insufficient,,,,3,samples,False
USGS-260439097131000,temperature,decreasing,0.0041383639950869355,-0.9227272727272726,29.036363636363635,13,samples,True
USGS-260439097131000,turbidity,no trend,0.3081795474670539,7.291666666666667,14.3125,4,samples,False
USGS-260526097121000,conductivity,no trend,0.1422132419363924,-1100.0,54900.0,9,samples,False
USGS-260526097121000,dissolved_oxygen,no trend,0.7544541774940892,0.14107142857142804,47.33571428571429,9,samples,False
USGS-260526097121000,dissolved_solids,insufficient,,,,1,samples,False
USGS-260526097121000,nitrogen,insufficient,,,,1,samples,False
USGS-260526097121000,pH,no trend,0.4538299664161469,0.012500000000000067,8.099999999999998,9,samples,False
USGS-260526097121000,phosphorus,insufficient,,,,1,samples,False
USGS-260526097121000,temperature,no trend,0.2514521865080219,-0.8083333333333333,22.733333333333334,9,samples,False
USGS-260526097121000,turbidity,insufficient,,,,1,samples,False
USGS-260553097111200,conductivity,no trend,0.2996654484343022,-473.2142857142857,49939.28571428572,13,samples,False
USGS-260553097111200,dissolved_oxygen,no trend,0.6693340144640527,-0.10500000000000113,48.83000000000001,13,samples,False
USGS-260553097111200,dissolved_solids,insufficient,,,,2,samples,False
USGS-260553097111200,nitrogen,insufficient,,,,2,samples,False
USGS-260553097111200,pH,no trend,0.9509245837993561,0.0,8.2,13,samples,False
USGS-260553097111200,phosphorus,insufficient,,,,2,samples,False
USGS-260553097111200,temperature,decreasing,0.0018616893784448862,-0.8258928571428572,28.705357142857142,13,samples,True
USGS-260553097111200,turbidity,insufficient,,,,3,samples,False
USGS-261147097355700,chlorophyll,insufficient,,,,2,samples,False
USGS-261147097355700,conductivity,no trend,0.7638905934705396,-450.0,5850.0,7,samples,False
USGS-261147097355700,dissolved_oxygen,no trend,0.6485821935696237,0.4500000000000002,5.6499999999999995,7,samples,False
USGS-261147097355700,dissolved_solids,no trend,0.7638905934705396,-96.66,1456.93,7,samples,False
USGS-261147097355700,nitrogen,no trend,0.07150541644487451,0.12875,0.024249999999999994,7,samples,False
USGS-261147097355700,pH,no trend,0.09471773621506485,0.06666666666666672,7.3999999999999995,7,samples,False
USGS-261147097355700,phosphorus,no trend,0.5480055723613093,-0.15000000000000036,0.9500000000000011,7,samples,False
USGS-261147097355700,temperature,no trend,0.07150541644487451,-0.8249999999999993,29.575,7,samples,False
USGS-261147097355700,turbidity,insufficient,,,,2,samples,False
USGS-261153097153400,chlorophyll,insufficient,,,,1,samples,False
USGS-261153097153400,conductivity,no trend,0.06956109999060778,-816.6666666666666,53058.333333333336,14,samples,False
USGS-261153097153400,dissolved_oxygen,no trend,1.0,-7.401486830834377e-17,8.274999999999999,14,samples,False
USGS-261153097153400,dissolved_solids,no trend,0.25965635637045015,-951.2999999999993,18350.625,6,samples,False
USGS-261153097153400,nitrogen,increasing,0.013344664289344221,0.016707142857142858,-0.05463928571428571,12,samples,True
USGS-261153097153400,pH,no trend,0.0943862414254677,-0.022222222222222143,8.369444444444444,14,samples,False
USGS-261153097153400,phosphorus,no trend,0.24147691993853204,0.009375,0.033125,11,samples,False
USGS-261153097153400,temperature,decreasing,0.0003024847085957294,-1.0,31.05,14,samples,True
USGS-261153097153400,turbidity,no trend,0.22067136191984682,30.583333333333336,3.8333333333333286,5,samples,False
USGS-261226097135700,conductivity,no trend,0.32809216383229467,-655.2083333333333,52531.25,13,samples,False
USGS-261226097135700,dissolved_oxygen,increasing,0.014488836250948545,1.1035714285714286,41.778571428571425,13,samples,True
USGS-261226097135700,nitrogen,no trend,0.4701007598741287,0.01875,-0.005624999999999998,4,samples,False
USGS-261226097135700,pH,no trend,0.12436566977118213,-0.02500000000000021,8.350000000000001,13,samples,False
USGS-261226097135700,phosphorus,no trend,0.3081795474670539,0.0175,0.02375,4,samples,False
USGS-261226097135700,temperature,decreasing,0.0018616893784448862,-0.9937499999999986,30.762499999999992,13,samples,True
USGS-261226097135700,turbidity,no trend,0.7340951823194757,25.416666666666664,18.125,4,samples,False
USGS-261237097195001,conductivity,insufficient,,,,1,samples,False
USGS-261237097195001,dissolved_oxygen,insufficient,,,,1,samples,False
USGS-261237097195001,pH,insufficient,,,,1,samples,False
USGS-261237097195001,temperature,insufficient,,,,1,samples,False
USGS-261256097121800,chlorophyll,insufficient,,,,2,samples,False
USGS-261256097121800,conductivity,no trend,0.35020138917929566,-678.5714285714286,51392.857142857145,11,samples,False
USGS-261256097121800,dissolved_oxygen,no trend,0.640428787412791,1.3499999999999943,38.40000000000003,11,samples,False
USGS-261256097121800,nitrogen,no trend,0.060289173990602185,0.04000000000000001,-0.04500000000000002,6,samples,False
USGS-261256097121800,pH,no trend,0.9377589428180784,-0.008333333333333156,8.341666666666667,11,samples,False
USGS-261256097121800,phosphorus,no trend,0.7071142312899612,0.0025000000000000022,0.028749999999999998,6,samples,False
USGS-261256097121800,temperature,decreasing,0.02927250918630464,-0.9222222222222223,32.01111111111111,11,samples,True
USGS-261256097121800,turbidity,insufficient,,,,3,samples,False
USGS-261326097215801,conductivity,insufficient,,,,1,samples,False
USGS-261326097215801,dissolved_oxygen,insufficient,,,,1,samples,False
USGS-261326097215801,pH,insufficient,,,,1,samples,False
USGS-261326097215801,temperature,insufficient,,,,1,samples,False
USGS-261410097231201,conductivity,insufficient,,,,1,samples,False
USGS-261410097231201,dissolved_oxygen,insufficient,,,,1,samples,False
USGS-261410097231201,pH,insufficient,,,,1,samples,False
USGS-261410097231201,temperature,insufficient,,,,1,samples,False
USGS-261656097331700,chlorophyll,insufficient,,,,2,samples,False
USGS-261656097331700,conductivity,no trend,0.5480055723613093,-666.6666666666666,21000.0,7,samples,False
USGS-261656097331700,dissolved_oxygen,no trend,1.0,0.5125,6.1625000000000005,7,samples,False
USGS-261656097331700,dissolved_solids,insufficient,,,,1,samples,False
USGS-261656097331700,nitrogen,insufficient,,,,2,samples,False
USGS-261656097331700,pH,no trend,0.2723409330621456,-0.06666666666666672,7.9,7,samples,False
USGS-261656097331700,phosphorus,insufficient,,,,2,samples,False
USGS-261656097331700,temperature,decreasing,0.016260936780450264,-1.4749999999999996,31.525,7,samples,True
USGS-261656097331700,turbidity,insufficient,,,,2,samples,False
USGS-261922097182800,chlorophyll,insufficient,,,,2,samples,False
USGS-261922097182800,conductivity,no trend,0.07980192864239077,-937.5,52593.75,14,samples,False
USGS-261922097182800,dissolved_oxygen,no trend,0.38107448160929436,0.8500000000000005,34.925,14,samples,False
USGS-261922097182800,nitrogen,no trend,0.7340951823194757,0.022208333333333337,0.0681875,4,samples,False
USGS-261922097182800,pH,no trend,0.2701854034969269,-0.019999999999999574,8.454999999999998,14,samples,False
USGS-261922097182800,phosphorus,no trend,1.0,0.0033333333333333383,0.06,4,samples,False
USGS-261922097182800,temperature,decreasing,0.00015490544614715773,-0.8555555555555555,29.91111111111111,14,samples,True
USGS-261922097182800,turbidity,no trend,1.0,3.5,35.5,5,samples,False
USGS-261929097264500,chlorophyll,insufficient,,,,3,samples,False
USGS-261929097264500,conductivity,no trend,0.546443354962665,-727.2727272727273,32227.272727272728,14,samples,False
USGS-261929097264500,dissolved_oxygen,no trend,0.6614159170078631,-0.09999999999999994,8.05,14,samples,False
USGS-261929097264500,dissolved_solids,insufficient,,,,3,samples,False
USGS-261929097264500,nitrogen,increasing,0.0030934493227612325,0.06783333333333334,0.1848333333333333,11,samples,True
USGS-261929097264500,pH,no trend,0.7824875316103979,1.9737298215558337e-16,8.1,14,samples,False
USGS-261929097264500,phosphorus,no trend,0.11947098677170076,0.022500000000000003,0.1425,11,samples,False
USGS-261929097264500,temperature,decreasing,0.00996982322211526,-0.7,29.975,14,samples,True
USGS-261929097264500,turbidity,insufficient,,,,3,samples,False
USGS-262112097194401,conductivity,insufficient,,,,1,samples,False
USGS-262112097194401,dissolved_oxygen,insufficient,,,,1,samples,False
USGS-262112097194401,pH,insufficient,,,,1,samples,False
USGS-262112097194401,temperature,insufficient,,,,1,samples,False
USGS-262132097203100,conductivity,no trend,0.36752073824214304,-2583.3333333333335,49750.0,7,samples,False
USGS-262132097203100,dissolved_oxygen,increasing,0.035498131320662596,6.875,-4.675000000000001,7,samples,True
USGS-262132097203100,dissolved_solids,insufficient,,,,2,samples,False
USGS-262132097203100,nitrogen,insufficient,,,,3,samples,False
USGS-262132097203100,pH,no trend,1.0,-0.016666666666666902,8.25,7,samples,False
USGS-262132097203100,phosphorus,insufficient,,,,3,samples,False
USGS-262132097203100,temperature,decreasing,0.016260936780450264,-1.316666666666667,32.050000000000004,7,samples,True
USGS-262132097203100,turbidity,insufficient,,,,3,samples,False
USGS-262423097204400,chlorophyll,insufficient,,,,1,samples,False
USGS-262423097204400,conductivity,decreasing,0.037497490815719736,-950.0,47175.0,14,samples,True
USGS-262423097204400,dissolved_oxygen,no trend,0.4434214028640828,0.8375000000000004,23.281249999999996,14,samples,False
USGS-262423097204400,nitrogen,no trend,0.07363827012030266,0.034999999999999996,0.005000000000000032,10,samples,False
USGS-262423097204400,pH,no trend,0.37771810672393347,-0.016666666666666313,8.433333333333332,14,samples,False
USGS-262423097204400,phosphorus,no trend,0.8568904224126173,0.001666666666666668,0.08249999999999999,10,samples,False
USGS-262423097204400,temperature,decreasing,0.00045888852872688624,-0.8400000000000005,29.610000000000003,14,samples,True
USGS-262423097204400,turbidity,insufficient,,,,3,samples,False
USGS-263037097232800,conductivity,no trend,0.13285495573105366,-2300.0,53750.0,6,samples,False
USGS-263037097232800,dissolved_oxygen,no trend,1.0,-1.950000000000001,48.825,6,samples,False
USGS-263037097232800,dissolved_solids,insufficient,,,,2,samples,False
USGS-263037097232800,nitrogen,insufficient,,,,2,samples,False
USGS-263037097232800,pH,no trend,0.4523703606773608,-0.10000000000000024,8.65,6,samples,False
USGS-263037097232800,phosphorus,insufficient,,,,2,samples,False
USGS-263037097232800,temperature,decreasing,0.024170547174545254,-1.3799999999999997,30.349999999999998,6,samples,True
USGS-263037097232800,turbidity,no trend,1.0,-4.583333333333333,26.875,4,samples,False
USGS-263115097213100,conductivity,insufficient,,,,1,samples,False
USGS-263115097213100,dissolved_oxygen,insufficient,,,,1,samples,False
USGS-263115097213100,pH,insufficient,,,,1,samples,False
USGS-263115097213100,temperature,insufficient,,,,1,samples,False
USGS-263318099090800,conductivity,no trend,0.05047365271802606,-21.145833333333336,2606.875,13,samples,False
USGS-263318099090800,dissolved_solids,decreasing,0.02398753446442692,-14.279250000000008,1092.1255,13,samples,True
USGS-263318099090800,pH,no trend,0.19449898049418168,-0.016666666666666607,7.699999999999999,13,samples,False
USGS-263318099090800,temperature,no trend,0.853696101235889,0.0125,22.675,13,samples,False
USGS-263320099092900,conductivity,no trend,0.7544541774940892,-33.75,4055.0,9,samples,False
USGS-263320099092900,dissolved_solids,no trend,0.2514521865080219,-29.526250000000005,1720.335,9,samples,False
USGS-263320099092900,pH,no trend,0.23916716137241378,-0.023214285714285805,7.942857142857143,9,samples,False
USGS-263320099092900,temperature,no trend,0.5293681061847979,0.4107142857142857,19.357142857142858,9,samples,False
USGS-263323097253400,conductivity,no trend,0.1805996164939243,-2666.6666666666665,57666.666666666664,6,samples,False
USGS-263323097253400,dissolved_oxygen,no trend,0.25965635637045015,1.2000000000000002,3.4,6,samples,False
USGS-263323097253400,dissolved_solids,insufficient,,,,1,samples,False
USGS-263323097253400,nitrogen,no trend,0.80649594050734,0.023625000000000004,0.032749999999999994,5,samples,False
USGS-263323097253400,pH,no trend,0.5458167496705262,-0.033333333333333215,8.433333333333334,6,samples,False
USGS-263323097253400,phosphorus,no trend,0.4624327264504764,-0.011666666666666665,0.11333333333333333,5,samples,False
USGS-263323097253400,temperature,no trend,0.13285495573105366,-1.0999999999999979,29.549999999999997,6,samples,False
USGS-263323097253400,turbidity,insufficient,,,,3,samples,False
USGS-263328099094300,conductivity,no trend,0.34808262363292397,-5.0,1790.0,9,samples,False
USGS-263328099094300,dissolved_solids,no trend,0.17530808080827365,-5.93258333333334,574.4803333333333,9,samples,False
USGS-263328099094300,pH,no trend,0.27042796391037527,-0.013333333333333286,7.753333333333333,9,samples,False
USGS-263328099094300,temperature,no trend,0.7518296340458492,-0.09166666666666667,22.866666666666667,9,samples,False
USGS-263328099094401,conductivity,no trend,0.16112494928905186,-12.5,2052.5,11,samples,False
USGS-263328099094401,dissolved_solids,no trend,0.06170669002831275,-5.030000000000011,636.0250000000001,11,samples,False
USGS-263328099094401,pH,no trend,0.06343142528861123,-0.004999999999999982,8.025,11,samples,False
USGS-263328099094401,temperature,no trend,1.0,0.0,22.0,11,samples,False
USGS-08470500,discharge,insufficient,,,,1,field,False
USGS-08470500,water_level,insufficient,,,,1,field,False
USGS-08471000,discharge,insufficient,,,,1,field,False
USGS-08474095,discharge,no trend,0.22067136191984682,-0.3137500000000001,1.0675000000000001,5,field,False
USGS-08474095,water_level,no trend,0.80649594050734,0.030833333333333712,16.238333333333333,5,field,False
USGS-08474107,discharge,no trend,0.80649594050734,0.2125,2.515,5,field,False
USGS-08474107,water_level,no trend,0.80649594050734,0.02874999999999961,20.3525,5,field,False
USGS-08474108,discharge,no trend,0.80649594050734,0.5612499999999999,1.4324999999999999,5,field,False
USGS-08474108,water_level,no trend,0.80649594050734,0.1137499999999998,13.4425,5,field,False
USGS-08474110,discharge,no trend,0.4624327264504764,2.3249999999999997,13.400000000000002,5,field,False
USGS-08474110,water_level,no trend,0.80649594050734,-0.03249999999999992,1.2849999999999997,5,field,False
USGS-08474115,discharge,no trend,0.7340951823194757,0.28,0.29500000000000004,4,field,False
USGS-08474115,water_level,no trend,0.80649594050734,0.06500000000000128,16.79,5,field,False
USGS-08474118,discharge,no trend,1.0,-0.45124999999999993,12.4125,5,field,False
USGS-08474118,water_level,no trend,0.80649594050734,0.005000000000000032,1.45,5,field,False
USGS-08474300,discharge,no trend,0.7340951823194757,-1.0,2.96,4,field,False
USGS-08474300,water_level,no trend,0.22067136191984682,0.183125,0.92875,5,field,False
USGS-08474320,water_level,no trend,0.3081795474670539,0.12083333333333333,0.20624999999999996,4,field,False
USGS-08474395,discharge,no trend,0.08942935902899363,-44279.16666666667,41543.75,4,field,False
USGS-08474395,water_level,no trend,0.3081795474670539,-2.2537499999999997,6.7681249999999995,4,field,False
