huc8,name,water_year,precip_mm,et_mm,runoff_mm,surf_runoff_mm,subsurf_runoff_mm,recharge_mm,balance_mm,soil_moisture_m3m3,swe_mm,canopy_mm,t2_degc,td2_degc,q2_kgkg,n_months
13090001,Los Olmos,1980,437.44720148850837,429.86302140213365,-1.3478322817822654,-7.106477777227436,5.758645495445171,55.49581756555544,8.93201236815698,0.16828861843491016,1.6383457169857765e-08,0.005968373575837952,23.374027353223198,14.890734026892176,0.011945962733300028,12
13090001,Los Olmos,1981,1004.3540422275267,804.5849051311378,144.11319610755513,138.31417378113716,5.799022326417964,107.37289894067024,55.655940988833805,0.23573265340817254,3.9368030223515274e-08,0.014890554180323362,22.0319822627726,16.447250779319347,0.012878336440782567,12
13090001,Los Olmos,1982,474.4128279971126,554.0930383691241,33.891548294067746,32.0391445802749,1.8524037137928433,99.50373815354547,-113.57175866607926,0.19187099203784427,5.962788793344912e-08,0.008105050757741343,22.964153982829885,15.989537901238407,0.012537697192157542,12
13090001,Los Olmos,1983,721.3143251628222,632.2518709640021,26.307816770355405,24.942881480741562,1.3649352896138438,65.13117720399448,62.75463742846469,0.2051473972896299,1.737602448182433e-07,0.011287430637191133,22.413053403902552,15.568664666046232,0.01222661139588129,12
13090001,Los Olmos,1984,441.7000127970848,513.994955301109,16.649985964340143,15.775931462473675,0.8740545018664677,61.1846002446925,-88.94492846836437,0.18727381812728836,3.2037004800682247e-06,0.007686416990724486,22.477132502261156,14.196079871308314,0.011436769594532463,12
13090001,Los Olmos,1985,622.0966470213675,594.8722189063787,15.084921340397997,13.870743707725575,1.2141776326724232,47.62149355127347,12.139506774590771,0.1990708012089616,1.948932966648678e-07,0.010316377516037464,22.917160974179183,16.35944984562161,0.012767143880143212,12
13090001,Los Olmos,1986,533.685268973381,565.368611097621,20.051287901653755,19.256661325080927,0.7946265765728281,56.885004158690535,-51.734630025893836,0.19187413484968355,5.854040006610889e-08,0.007105447887091381,23.48131179452463,15.997220091041754,0.01245361796416321,12
13090001,Los Olmos,1987,969.9915132815614,729.5649794806384,100.30288775052406,98.37456014897953,1.9283276015445425,79.2712110731569,140.12364605039897,0.2268613858856654,1.3659326516194539e-07,0.014607954447039204,22.090885692144298,15.829035392652997,0.01239952894799517,12
13090001,Los Olmos,1988,540.1468639278431,562.5462421898817,16.877272419557304,15.897026811451036,0.980245608106266,76.69108517557957,-39.27665068159587,0.1959304752627824,6.668136136416458e-08,0.00837300708001283,22.62116525976137,15.227270479974038,0.011962355768342125,12
13090001,Los Olmos,1989,408.1617874307289,532.8242646325392,-3.9830865820428936,-4.763411285349141,0.7803247033062478,47.09287120705371,-120.67939061976742,0.18266384724434645,1.4800802777313772e-07,0.0071574764557197365,23.39316635475069,15.70417317193477,0.012310425656699854,12
13090001,Los Olmos,1990,510.3362901576753,497.2764643568775,-9.838318790536574,-10.651771357581858,0.8134525670452833,33.26906867734323,22.898144591334372,0.18263270062582457,9.948993152168602e-06,0.007508658977930901,23.243211016760426,15.53695703899649,0.01231507856739148,12
13090001,Los Olmos,1991,544.4761670514504,556.8485594640106,1.5927781857935748,0.6744349525471068,0.9183432332464679,32.631685682769906,-13.965170598353778,0.18122393334915862,1.604423951912239e-08,0.007450811091925674,23.75809222252434,15.61968172074711,0.012407175572315366,12
13090001,Los Olmos,1992,658.1899210906721,646.2714463987837,42.336679551569745,41.31864078873773,1.0180387628320122,46.21804805324667,-30.418204859681367,0.20925862281978844,1.7324115030850756e-07,0.012264089958557716,22.78793850173423,16.302839351880664,0.01258949283564266,12
13090001,Los Olmos,1993,554.9298620174231,549.9038196151256,20.13273426971387,19.085702338868348,1.047031930845521,47.126058385585175,-15.10669186741632,0.1914350003378046,2.0171070194360487e-07,0.011150963179873371,22.993423009836135,15.942954406700323,0.01240510754568884,12
13090001,Los Olmos,1994,448.2279512741035,455.6850260499732,-4.429300065970458,-5.489759532325573,1.0604594663551155,36.752586116799506,-3.02777470989927,0.17551350923759768,1.8184060809169352e-08,0.0071044818758817475,23.102402995375257,15.370007416945839,0.012161758200761165,12
13090001,Los Olmos,1995,497.8652566399932,526.2168888154389,-0.08400500988874682,-0.9912038250760717,0.9071988151873249,28.651921214256348,-28.267627165556927,0.1838274111232884,1.3401494795369207e-08,0.0070343907478153216,23.765936320179264,16.02218616415871,0.012605518796122024,12
13090001,Los Olmos,1996,367.8705700031575,368.5479040756838,-8.018795135333164,-8.781044168416063,0.7622490330828982,25.334816342216534,7.3414610628069,0.16494242891784025,8.555507590670831e-09,0.005831402877238007,22.951738084910744,14.358185403225377,0.011646633656864408,12
13090001,Los Olmos,1997,537.4603779892084,547.2594991304813,13.459050265855465,12.67724237629304,0.7818078895624235,30.224302110573117,-23.25817140712843,0.191338417032488,3.4487822286877364e-06,0.0092687709721774,22.706904400782605,15.481057617050624,0.012239610277205938,12
13090001,Los Olmos,1998,476.216400892649,459.9672207165473,19.19414279783021,18.41030507452165,0.7838377233085609,39.78413232619648,-2.944962621728479,0.1831314251950126,2.2190724448208887e-07,0.008721267613561758,23.275078771307335,14.973507725284549,0.01198720316547403,12
13090001,Los Olmos,1999,458.33697994268374,464.7703099616183,-3.9096620763435874,-4.612365356661004,0.7027032803174169,27.48083186929885,-2.5236679425909676,0.17746906051844624,5.2076240882338035e-08,0.0073761744568230795,23.823080187980963,16.040105856359105,0.012554951793459475,12
13090001,Los Olmos,2000,365.50395912080455,434.74049545214075,-8.898312935966322,-9.615101903993294,0.7167889680269723,21.866231402319166,-60.33822339536987,0.16772559962760622,8.641430594407973e-08,0.0052539502934575094,23.689775968954734,15.208486177049394,0.011939527091697455,12
13090001,Los Olmos,2001,658.6081731451826,553.9262367310514,19.923313871949286,18.896443196909186,1.0268706750401009,24.519418857173378,84.75862254218191,0.1990640484154184,7.514115194527179e-08,0.011332442648733699,22.32429774075962,15.578913133609433,0.012155698057032973,12
13090001,Los Olmos,2002,495.0197897730383,503.1827356184291,23.930305567638285,22.908833419225157,1.0214721484131286,36.874213697546004,-32.09325141302905,0.17956643061745592,1.1169532786867578e-08,0.006757724814220487,22.99251995472258,14.80056978652891,0.01180607678348064,12
13090001,Los Olmos,2003,852.2012745676395,665.5201660820519,136.29013186932573,133.30134345454712,2.988788414778602,98.37877623916158,50.390976616261895,0.21924522210165542,1.0681003758932097e-08,0.012252379363109673,22.614227141693846,16.2129641605282,0.01269992083150037,12
13090001,Los Olmos,2004,664.3811481857254,684.0270261219194,71.7525725420054,69.79121766684992,1.9613548751554737,85.51443342150849,-91.39845047819949,0.21050213215673452,1.4382555213935828e-07,0.01082120416406373,22.819820192852262,16.179401667205298,0.012751604019248096,12
13090001,Los Olmos,2005,427.0001164253267,478.7636607796882,-0.23440322765500476,-0.9097962130236983,0.6753929853686935,51.14151249167309,-51.52914112670649,0.1799276852070152,0.0006818764505351983,0.011067082181175796,23.57704568359742,15.736078156212841,0.0123191549016482,12
13090001,Los Olmos,2006,445.87797032086996,427.09634599902904,-8.454183556244784,-9.096381139130573,0.6421975828857891,34.92388704110835,27.23580787808571,0.16541775867175593,1.8755394843196736e-08,0.005924202480328572,23.722829155080206,14.959185440478677,0.012053566371656027,12
13090001,Los Olmos,2007,962.4196968303604,751.4219500390981,148.79577159096027,143.34572410910755,5.450047481852709,84.50250214841301,62.20197520030206,0.22481792365271502,8.152826743396972e-08,0.013038066724624956,22.44809387741344,16.169522459794905,0.012830575600154534,12
13090001,Los Olmos,2008,684.9137439642248,568.221585597297,93.01566292975919,89.55229814560032,3.463364784158872,102.9656950200698,23.676495437168555,0.18468693767152553,2.0757647279681057e-10,0.007850970573011698,23.173356921772836,15.200861667040556,0.012253345889488702,12
13090001,Los Olmos,2009,310.0266501268801,438.4303597693295,14.857658629894084,14.078393262740377,0.7792653671537071,88.56634417838144,-143.2613682723435,0.16996017107678862,1.5392395260885046e-08,0.005010998979459901,23.619804637165032,14.90430037497947,0.01191942458011355,12
13090001,Los Olmos,2010,804.0319838218824,649.818363729372,58.66421223039359,56.800416931911144,1.863795298482444,65.82882653466046,95.5494078621168,0.2118239157173348,1.7799431172141634e-07,0.010764721199132013,22.262302204232583,15.45037191981396,0.012416352677462208,12
13090001,Los Olmos,2011,171.6378382090085,328.80637572748014,-0.2796391150230526,-0.6811781264121206,0.401539011389068,62.35638314413101,-156.8888984034486,0.1445783061564392,0.0004405631210454058,0.0034582477272792843,23.570660125660368,14.057405329279902,0.011517562189502596,12
13090001,Los Olmos,2012,471.7733025762672,464.9477475724002,-7.462562428486349,-8.53274209669264,1.0701796682062918,35.60090443578172,14.288117432353358,0.17317636534206746,1.5786369611431273e-07,0.0069371397348677475,23.682219570309428,15.460242943678793,0.012148990669408104,12
13090001,Los Olmos,2013,578.4464799860222,482.4329028256442,-3.6258692942460002,-4.595620763381163,0.9697514691351626,31.1834638049362,99.63944645462396,0.1761951541072129,6.138208949188276e-08,0.008764451445576412,23.388061107970657,15.133256101929078,0.012157732744309776,12
13090001,Los Olmos,2014,532.6667457371706,545.6616145312162,40.09407718078408,38.8533553206812,1.2407218601028793,51.78306618368342,-53.088945974829684,0.19811591650199822,1.916447622052017e-06,0.009810779229943778,22.26511064573367,15.060952314711301,0.012036490329346132,12
13090001,Los Olmos,2015,973.4064870247022,764.2888555116549,231.20046233466005,220.3322435681191,10.868218766540929,147.99429769652727,-22.08283082161276,0.23453350906463424,1.0471276742170469e-07,0.013169690052765325,22.15321144238527,16.583840642375094,0.012967806581450157,12
13090001,Los Olmos,2016,580.5894940011359,615.3709444432308,26.356516295001526,24.488185025179334,1.8683312698221908,99.07846831955351,-61.13796673709639,0.1957408656436482,1.2933441533535878e-07,0.00816541674865765,23.744627269408625,16.528958307335074,0.013027881570892337,12
13090001,Los Olmos,2017,556.7864183152689,522.1237032331928,8.603970284854842,7.280865271319155,1.3231050135356868,62.153372565909,26.05874479722119,0.18206133430917756,4.590065426258135e-08,0.006500297032332955,24.486012786770004,16.486043174777706,0.012803200443659108,12
13090001,Los Olmos,2018,592.5338460222334,535.3056439200666,8.879202130232564,7.691503410134869,1.1876987200976936,48.55323426438608,48.34899997193428,0.18879017439396517,0.0005164238706071284,0.016099241115697736,23.53244430152,15.97972995885766,0.012592754496491986,12
13090001,Los Olmos,2019,525.9844957209843,596.4951256422577,27.37204306254089,26.457694235565302,0.9143488269755858,51.42279644264987,-97.88267298381422,0.20518164864187285,6.920516121227772e-09,0.01003595645790331,22.96943179311836,16.16336087387151,0.01283407483750664,12
13090001,Los Olmos,2020,716.1193561127956,608.4840527643396,75.93100857206286,70.75640615589491,5.174602416167953,67.25008378709744,31.704294776393112,0.1871633079938365,5.2481009566922955e-08,0.007530023816057066,23.96239822661073,16.30032893969127,0.012962145131624504,12
13090001,Los Olmos,2021,497.3188245076005,523.7705544222755,17.428684628325207,16.110241033060213,1.3184435952649964,63.87962632229909,-43.88041454300022,0.17314818653198485,1.8196926303273936e-05,0.005793794243926928,23.209533612207395,15.211890511118611,0.012302007240907652,12
13090001,Los Olmos,2022,403.10627956387435,464.25885258400797,-0.5743703864423656,-1.41679609337896,0.8424257069365945,51.00399537327541,-60.57820263369125,0.17895386599614985,1.3450876451165354e-08,0.0054918016131879745,23.71373101304158,15.352525444081834,0.01231912296710381,12
13090001,Los Olmos,2023,475.8643902936823,460.0694023819012,7.311431434856602,6.229662538998033,1.0817688958585687,39.79041408056336,8.483556476924448,0.17185925745941447,2.678242630085079e-07,0.010115103878927906,24.06398131070756,15.633770829030652,0.012477856629870013,12
13090001,Los Olmos,2024,551.5371163439147,514.2281188545136,16.53072497700148,15.712940764962191,0.8177842120392897,37.61200445693878,20.778272512399642,0.20025793186714014,5.941559988076255e-08,0.01097575353849265,24.015872560124023,16.587408730768345,0.01321222478191023,12
13090002,Lower Rio Grande,1980,535.5139614841569,424.8393669909806,13.066117355013418,-46.11009213817151,59.17620949318493,137.24572046018721,97.60847713816288,0.2783241831893768,4.490034524196427e-09,0.003994214916481254,23.58036494321874,17.94317220706455,0.013881747265007753,12
13090002,Lower Rio Grande,1981,973.2332347683083,739.429262170467,82.40061636432176,6.270055587757337,76.13056077656442,131.42344499738937,151.4033562335195,0.3290422109395294,4.879267258243442e-09,0.007619155079263692,22.696228104883232,18.552075807537847,0.014211593343376483,12
13090002,Lower Rio Grande,1982,434.5777950064927,518.4746520033751,-22.82695855554464,-43.17503979303227,20.34808123748763,88.97476586409694,-61.0698984413378,0.2940244072102248,1.4323205170477526e-10,0.004297857078183161,23.40245686301148,18.703122790706004,0.01433425119585565,12
13090002,Lower Rio Grande,1983,793.8998890170465,615.7144897228662,69.57760503892464,32.01048223209175,37.567122806832884,93.68217242946437,108.60779425525558,0.3053840858645793,1.8078717483164256e-07,0.0062231681738318945,22.973991687973296,17.92416890882879,0.013724739133440503,12
13090002,Lower Rio Grande,1984,692.7099591742958,558.3248258816877,52.232533792859414,15.541741642670313,36.6907921501891,109.78840323885684,82.15259949974867,0.29986935588645475,3.498829778891133e-07,0.0055349781017840815,22.787526494669123,17.31259102155434,0.013391655992347554,12
13090002,Lower Rio Grande,1985,606.1129723992111,573.714085666471,9.049794449018936,-24.487913493240075,33.53770794225901,79.37588561011268,23.349092283721216,0.30240494792876843,1.1491179133721236e-08,0.005771380367102122,23.378163986786944,18.761812580921912,0.01440610738480697,12
13090002,Lower Rio Grande,1986,405.21857834238887,468.051245174679,-27.20699364668689,-47.483587008283415,20.276593361596525,57.984499531107176,-35.62567318560327,0.2853158637634036,6.200800994895465e-08,0.0042676415850499685,23.912074199825497,18.53342457654594,0.014134585126424236,12
13090002,Lower Rio Grande,1987,1009.1053714716306,680.8914326945176,139.59498572882632,88.45493856737495,51.14004716145138,104.21661425232656,188.61895304828676,0.3219064301127063,8.105898592989508e-08,0.00793949726716779,22.684656457030258,18.110730675729087,0.013891270445274384,12
13090002,Lower Rio Grande,1988,543.32850158299,537.273587991226,1.2931342662530199,-25.748114835627828,27.041249101880847,86.90252243868264,4.761779325511014,0.29935225088833006,2.8396107864474183e-10,0.005139545025766163,22.99531143571545,17.858781060783542,0.013623637500866774,12
13090002,Lower Rio Grande,1989,569.4764256200001,528.4236499472538,19.34110379209903,-12.40257520855646,31.74367900065549,77.85956362303396,21.711671880647263,0.2912426790596952,2.1495040336042296e-07,0.004096744240290201,23.816030520547827,18.450640211253187,0.014150018086341769,12
13090002,Lower Rio Grande,1990,640.0953537813449,558.6713555466075,18.49015703635582,-17.78067195356716,36.27082898992298,59.82865810633798,62.93384119838156,0.29964920952707,6.128913589661949e-08,0.0044282436289725105,23.54081769851365,18.41743640838149,0.014223065006793725,12
13090002,Lower Rio Grande,1991,650.4577377693948,557.8511813494445,30.398394751653946,-1.1500137122582839,31.54840846391223,62.54936564714226,62.208161668296434,0.29193391900295856,5.091507651166413e-10,0.004229602884898012,24.13954072155815,18.58917020767791,0.014362550145097778,12
13090002,Lower Rio Grande,1992,776.6187005243092,611.4622272279977,91.82674272620665,35.0272689792968,56.799473746909854,112.63137496221766,73.32973057010491,0.310677050667117,1.4712768476648989e-08,0.006482325550235069,23.22107227491375,18.525813418044038,0.01411823471200227,12
13090002,Lower Rio Grande,1993,949.596932107552,667.1881801427301,176.16656704580697,79.27773818313267,96.88882886267432,189.76898944297977,106.24218491901496,0.31556979094547416,9.674028736528645e-08,0.006610923092828295,23.40085898169434,18.763202898564316,0.014299737673540416,12
13090002,Lower Rio Grande,1994,462.10512410306535,514.0934424522129,-40.57004111852846,-68.55928450580554,27.989243387277078,77.79459931000409,-11.418277230619104,0.2959229971336159,1.473239293618909e-08,0.004324515198314386,23.383330425111808,18.15507279634386,0.013958513039699546,12
13090002,Lower Rio Grande,1995,660.0169975626258,572.5803822202469,16.704955348836293,-8.409998726226062,25.114954075062354,67.91638773649348,70.7316599935426,0.2952819561621239,1.6129110596133377e-07,0.004581849962908544,24.132043736708454,18.84099204902833,0.014482635628207502,12
13090002,Lower Rio Grande,1996,527.8828087993797,457.62454496430246,15.1643456560281,-14.24208937862544,29.40643503465354,81.65285306577331,55.09391817904918,0.2880604340457611,5.70384528010667e-11,0.004002717117606701,23.13343669771581,17.65932029154351,0.0137411039346672,12
13090002,Lower Rio Grande,1997,750.1075003710208,606.0448541118471,82.63395465468497,41.20890696280389,41.42504769188109,107.4580428781429,61.428691604488705,0.30808526163855277,6.179364930807022e-09,0.005993497969423093,23.22874324512594,18.422813886600863,0.014205802096664737,12
13090002,Lower Rio Grande,1998,634.0302152154522,511.520828736694,51.2339478594102,11.22264585107343,40.01130200833677,117.2107485132327,71.27543861934805,0.29401822045396214,1.9917508771689412e-07,0.005214022719020852,23.537422935191955,18.06051814979884,0.01401168987139576,12
13090002,Lower Rio Grande,1999,623.5177430121585,553.0738189431054,24.2606612902513,-10.28882523196671,34.54948652221801,86.89555784490415,46.18326277880178,0.29449446160786197,1.9035622844160177e-09,0.004012184288923492,24.163781724190812,18.875118068885115,0.014474655060190278,12
13090002,Lower Rio Grande,2000,479.48419050931864,468.78572692789214,-8.126225102140346,-34.837398729900436,26.71117362776009,58.425408226200055,18.82468868356684,0.28313090063837315,1.141809939107989e-08,0.0031193856397060886,24.038902543360052,18.27323652945381,0.013946518201974838,12
13090002,Lower Rio Grande,2001,450.7854049820085,450.634498230291,-26.96517060959181,-44.01987940488142,17.054708795289613,40.99264433625897,27.116077361309323,0.28509478867661564,7.504613116109062e-10,0.004714511336389748,23.196448525375104,17.89593818221806,0.01368959926828014,12
13090002,Lower Rio Grande,2002,519.5971471489253,399.42415222637885,6.0512708151762915,-12.75077578946679,18.80204660464308,46.82512692159024,114.12172410737013,0.2758579370756886,3.4855213313071035e-09,0.0035013988642309374,23.55161543795424,17.65941314252683,0.01363666045903301,12
13090002,Lower Rio Grande,2003,890.6274715556597,604.8432175005132,188.74450132638347,138.3237059217102,50.42079540467327,158.89410396943714,97.03975272876298,0.3099144234474682,3.900172264190922e-09,0.006068149776511925,23.207210444201166,18.44050712364657,0.014213191786828144,12
13090002,Lower Rio Grande,2004,735.3980738948034,656.1356604937409,58.26564160585595,-2.365307951897564,60.63094955775351,131.47865414593912,20.99677179520647,0.3112366796425684,5.4505055623341054e-08,0.005045027412379942,23.455173293233088,18.46712468034559,0.014244788221027394,12
13090002,Lower Rio Grande,2005,517.2015245564038,497.62699365051265,0.04207768007188051,-23.610094913997447,23.652172594069327,57.54534495872747,19.53245322581927,0.28929473570061376,0.0007249952676880089,0.004201676097159828,24.0092011054129,18.433377415669497,0.0141447272348112,12
13090002,Lower Rio Grande,2006,461.28278995697997,453.8144864743063,-19.691274170802927,-39.07410793781156,19.382833767008634,56.10516396540964,27.15957765347659,0.2802935161228916,2.035253776536797e-10,0.003105730857745324,24.049018526763405,18.066144069395193,0.013989355537494317,12
13090002,Lower Rio Grande,2007,869.7630422863293,625.3190430292768,95.98670594259261,55.452812673820176,40.53389326877243,82.16802792712517,148.4572933144599,0.3080125286346272,6.576606548421169e-09,0.006254462084812875,23.33692211740498,18.449599516847172,0.014283568677434149,12
13090002,Lower Rio Grande,2008,795.1113360318548,589.1097791213375,109.68421848888406,55.39858756697551,54.28563092190855,119.13651091524018,96.3173384216332,0.29633993460193236,2.1065768561877813e-11,0.0044976385461422035,23.763390706725204,18.194287151496553,0.014119286394471723,12
13090002,Lower Rio Grande,2009,479.8809316879975,490.4881344674966,5.038765879860193,-32.586640090152244,37.62540597001244,104.83621239399812,-15.645968659359312,0.28533878590052425,6.864316956677833e-10,0.003324492679305853,24.022420661683782,18.108496268677243,0.013983143987948954,12
13090002,Lower Rio Grande,2010,1084.5278331196632,699.0378062482091,192.6227166497968,97.69135751815236,94.93135913164447,178.23045498301133,192.8673102216573,0.3213658561206714,1.8142997180349876e-08,0.0067259784662708905,22.822199443468662,18.007701629659834,0.014088391280563458,12
13090002,Lower Rio Grande,2011,275.4876502103864,430.2143900925453,-48.98050349847988,-68.26939431249576,19.28889081401589,101.80869304175522,-105.746236383679,0.2753582876712038,9.185895905132502e-05,0.0025116131237172793,23.79261981068106,17.622173128147722,0.013736081524952764,12
13090002,Lower Rio Grande,2012,479.6774357715454,460.8961667256029,-20.284122836083284,-40.66716781403174,20.383044977948458,53.15854093634815,39.06539188202579,0.28083954030995883,3.29680961604848e-08,0.003935312268256139,24.288349468833985,18.346564683129372,0.014033885725692011,12
13090002,Lower Rio Grande,2013,650.0690931313223,465.93128948071603,33.84206968770234,11.845026712131592,21.99704297557075,70.4723851247856,150.29573396290397,0.2823626072840312,3.6504292853807717e-09,0.00487935840574142,23.943608989195752,17.935177290787294,0.0139146148046941,12
13090002,Lower Rio Grande,2014,703.8428138772049,579.8479275426515,85.3395477024107,46.7223462599594,38.617201442451304,111.90767022215027,38.65533863214267,0.31022070976681293,0.00045731762587420955,0.008129081042864066,22.688737849499717,17.760574559040208,0.013783617585897858,12
13090002,Lower Rio Grande,2015,900.0736570978527,722.2534305325224,115.12398705447582,61.23964451137913,53.884342543096686,117.07630199781428,62.696239510854426,0.3286264022469504,5.257876459341905e-08,0.007683312803817962,23.0096188672199,18.648641854985158,0.014366946708424068,12
13090002,Lower Rio Grande,2016,775.7276717549639,657.9418509021599,78.94523332635677,22.02456991118151,56.92066341517527,133.87832151063185,38.84058752644725,0.3108303166557109,1.1515382240678584e-08,0.004963089421181188,24.169158580094233,19.148262506619858,0.014828559350877686,12
13090002,Lower Rio Grande,2017,529.2011432538562,536.5351367775224,-16.525625092514247,-47.17562902611042,30.650003933596174,71.05590757331785,9.191631568848038,0.2912213221688173,2.2244355403794933e-09,0.0031110032062220167,24.938021536619544,19.274974090387218,0.014748881110148807,12
13090002,Lower Rio Grande,2018,572.7886635414977,499.3581629381043,-9.722192664529263,-33.310560010264446,23.588367345735183,52.732946898733395,83.15269326792271,0.2901193858031966,9.030242872900141e-07,0.006100672285241482,23.937967529381865,18.542503394391872,0.014338547858696857,12
13090002,Lower Rio Grande,2019,690.8248558945432,563.1815678309309,72.53665370578804,27.059777834862558,45.47687587092549,101.69578939941395,55.10663435782428,0.3021634065051711,3.231340913646705e-08,0.005713940694453531,23.549473884626195,18.60473663338422,0.014491986738915613,12
13090002,Lower Rio Grande,2020,828.3806414882351,626.7281801752184,97.63813700065647,40.84523869057989,56.79289831007658,113.72093218981684,104.01432431236024,0.303215606259195,1.242240381673829e-08,0.00452923350792788,24.32615701799233,19.17380751189478,0.014860693406806473,12
13090002,Lower Rio Grande,2021,654.1789946782394,579.8839084532372,43.14695149560793,-0.6690734716569833,43.816024967264916,111.04716092369118,31.14813472939432,0.2964633638125226,6.759565615905373e-08,0.003813652566736563,23.67044318719752,18.262047978886756,0.01427815156138536,12
13090002,Lower Rio Grande,2022,614.7870852092952,546.8363297532951,21.849685176935573,-25.709789206227413,47.559474383162986,97.16856785513147,46.101070279064565,0.297026405581386,3.26227497714749e-10,0.003948318807075944,23.936265959252808,18.39239555443237,0.01428881329581596,12
13090002,Lower Rio Grande,2023,592.6867212270091,515.5881389021346,54.509217054504845,17.746700292943007,36.762516761561834,106.10669766676403,22.589365270369697,0.2900496276316138,8.567906537411809e-08,0.004620125474641222,24.40697729597491,18.777730821070065,0.014624700060635409,12
13090002,Lower Rio Grande,2024,589.7401016844344,494.9795414505241,22.26264891132813,-9.271855541173728,31.53450445250186,66.97346957857532,72.4979113225822,0.3015574589816023,2.9688469231474376e-08,0.005724678626484431,24.39356886148272,19.087588258774815,0.014930532960651286,12
12110208,South Laguna Madre,1980,666.0549794519297,413.64992010129777,97.23925407408932,-18.35495523902692,115.59420931311624,188.27572863648876,155.16580527654264,0.2938426401674082,6.65508152935235e-08,0.004022333798679264,23.459152434246505,18.00779367943693,0.013915536214733822,12
12110208,South Laguna Madre,1981,990.2421663874426,693.9874987353863,172.84850759928892,-2.847346967061785,175.6958545663507,175.87342202458038,123.40616005276732,0.34648919845426923,8.690021530966747e-08,0.006954298812399819,22.668697456318057,18.530836432111244,0.014169877095003709,12
12110208,South Laguna Madre,1982,419.47539255238775,471.37227513642904,9.648772729736166,-38.118354758266086,47.76712748800225,97.84768645165117,-61.54565531377746,0.3099940199505967,8.034608632964414e-09,0.004163469192533132,23.287242932376557,18.674230633516288,0.014280595291738455,12
12110208,South Laguna Madre,1983,854.8298416489083,575.065238487155,120.29976749820645,32.4363088234956,87.86345867471084,115.13141638583154,159.4648356635468,0.32252672239159896,4.5387396687441177e-07,0.006050737901734718,22.864513985945393,17.964648620291996,0.013730522494762469,12
12110208,South Laguna Madre,1984,694.2342868424753,516.7189061930379,69.64974281853145,4.831262074587123,64.81848074394433,105.37204266110385,107.86563783090591,0.31531891456821176,6.818468137195938e-07,0.005347969483050131,22.682380194722214,17.322653847550157,0.013389386666646554,12
12110208,South Laguna Madre,1985,631.4377294942387,538.2473204020256,50.19021860329839,-20.753901312019206,70.9441199153176,87.69186428949065,43.000190488914754,0.31995648746410676,6.850825571806823e-09,0.005224456601318396,23.314934267120805,18.79176976968114,0.014395866784565172,12
12110208,South Laguna Madre,1986,423.39038346461405,441.04364357022257,-0.7022065928182073,-36.97546356347351,36.273256970655304,48.42723508737449,-16.951053512790317,0.3046768720001523,3.6922881047699206e-09,0.0035560019876538563,23.823546732745,18.633869156084472,0.01417903995902673,12
12110208,South Laguna Madre,1987,1035.879123927778,625.1011783781902,192.94543872948964,72.14055570042167,120.80488302906798,138.58840042083014,217.83250682009816,0.33758648556589327,6.029091175564197e-08,0.007114170772473209,22.66343270063311,18.099887720177662,0.013857163898085537,12
12110208,South Laguna Madre,1988,593.9884092620196,473.8037257000212,39.83283827232768,-16.480710139204632,56.31354841153231,77.77214722787394,80.3518452896707,0.3132621193072985,9.637933390779982e-11,0.004501639857077375,22.91768556252697,17.834930873088922,0.013594791401489515,12
12110208,South Laguna Madre,1989,552.2021366608254,500.7536269655763,35.23103028202321,-14.502149456266451,49.733179738289664,67.98259896075308,16.217479413225917,0.3064883399639901,4.266048233107877e-09,0.0038753026677228204,23.71875265378867,18.502923937776472,0.014168743918041736,12
12110208,South Laguna Madre,1990,625.0218203036566,502.47312564491483,37.51836234557144,-12.508198791190894,50.02656113676233,59.165510325704794,85.0303323131703,0.31277227449131934,1.3453029078547133e-07,0.0038879328849971313,23.46453879774782,18.439676752316018,0.01422479768809992,12
12110208,South Laguna Madre,1991,797.6026418528044,562.1029384151542,90.85902727096234,20.444284058616436,70.41474321234591,72.72878080553706,144.64067616668783,0.31578165459164714,2.116091368866416e-09,0.004164822798859636,23.969535170824827,18.752268077905512,0.014454255302240931,12
12110208,South Laguna Madre,1992,761.3702575791942,576.7202549824126,114.2569526997923,23.154687251462825,91.10226544832946,117.82289839359998,70.39304989698934,0.3293905451876904,6.792473223681971e-08,0.0059618626209867465,23.13634259207339,18.548102047934208,0.014114489874369083,12
12110208,South Laguna Madre,1993,961.696146542025,569.9990604752716,218.13029141744414,83.11880873152184,135.0114826859223,195.1733438069391,173.56679464930926,0.3250015690002299,6.510985952432745e-08,0.0059924670535556135,23.374735191076866,18.72060355210573,0.014239652578553747,12
12110208,South Laguna Madre,1994,506.7740135586562,492.97413405136285,-2.829985680047372,-60.009569103664546,57.179583423617174,76.04321914205997,16.629865187340698,0.31405074859755605,5.075190877236059e-10,0.004057961629477766,23.285672155460645,18.1857463049775,0.013967578862582935,12
12110208,South Laguna Madre,1995,745.7496921285359,563.1421298353904,81.6969717350544,4.955865519133297,76.7411062159211,87.58111078731338,100.91059055809112,0.31851915485687216,3.8495939079590696e-08,0.004022649476494913,23.973264059504118,18.929262601849757,0.014502801344380374,12
12110208,South Laguna Madre,1996,490.5851354959865,422.7993580603279,22.956498694162658,-24.335372816939458,47.291871511102116,69.90781028816416,44.829278741495926,0.30182999071290967,5.043801058745167e-11,0.0033451689461861905,23.018376993623917,17.74098266257886,0.013768365476686218,12
12110208,South Laguna Madre,1997,838.8350184227457,576.523690192222,146.55544379109958,43.31572308077251,103.23972071032708,146.79871928693038,115.75588443942414,0.326577980088756,2.851638855850982e-08,0.00558144324862906,23.152537546593067,18.49659891465916,0.014225243137529002,12
12110208,South Laguna Madre,1998,658.4624978245834,486.1559290157836,79.23360063282462,8.965676379039962,70.26792425378466,110.31088716810076,93.07296817597512,0.3121709471215227,3.394815930819575e-07,0.0044045452365007115,23.424669538703768,18.11999351222522,0.014040197697306913,12
12110208,South Laguna Madre,1999,771.8986713852571,577.7478169478949,96.82020643444459,16.7631339092746,80.05707252516999,117.12416697324825,97.33064800291764,0.31949400451705967,7.577905257463658e-09,0.00412174023041951,23.99434187641492,19.061992940990933,0.014591262214352025,12
12110208,South Laguna Madre,2000,409.61773296889794,431.99755985423883,-1.473116518491345,-40.834158016989775,39.36104149849843,58.207918077006624,-20.906710366849545,0.2991113483393093,4.110276283652755e-09,0.002710256737607811,23.993181358941,18.403334644298297,0.01401393336568623,12
12110208,South Laguna Madre,2001,444.59706610077217,386.3996943971189,3.2248964329049237,-30.02498737900132,33.249883811906244,35.96308546322864,54.97247527074836,0.29996102565325183,1.3992793493216192e-11,0.0040136975259546905,23.112470719423243,17.914446693918137,0.013675986078820332,12
12110208,South Laguna Madre,2002,622.8834226800489,373.7955982131295,97.50878561100005,49.4756287916348,48.03315681936525,78.63712615383182,151.5790388559193,0.2944903975608724,4.906024227982384e-08,0.0035129073486745745,23.42552160902403,17.79936455411297,0.013698765883126745,12
12110208,South Laguna Madre,2003,949.0928812495963,607.573848498261,206.098645940464,69.35420193727448,136.7444440031895,230.88422387372455,135.42038681087132,0.3344327138119391,3.1094415863419075e-08,0.005686778375554147,23.039148842418626,18.498474758676025,0.01422537226988139,12
12110208,South Laguna Madre,2004,812.4582106123037,631.1832988231515,115.1814377429606,-4.2795831494199446,119.46102089238055,140.84588132547813,66.09347404619156,0.3322768682818746,2.169098780234654e-07,0.00465558211788059,23.339464121823028,18.540113952333684,0.014264652482214134,12
12110208,South Laguna Madre,2005,575.133485349544,516.8377896561869,23.19190967393871,-31.551722533676156,54.743632207614866,70.1428256374814,35.10378601941835,0.3130427370491712,0.003992373482728496,0.004294200454228832,23.845072121853832,18.619763879492723,0.0142530220980365,12
12110208,South Laguna Madre,2006,491.0287128651662,446.37559192845407,11.065454542431269,-31.563134644901467,42.628589187332736,47.950506340532385,33.58766639428086,0.2991577788173853,4.511814192515469e-08,0.002864436632462717,23.944448229903685,18.121364647325834,0.014005609966392185,12
12110208,South Laguna Madre,2007,922.3913153858274,581.2614975284667,153.1452806272565,68.64394067393204,84.50133995332448,104.62969739711808,187.98453723010414,0.32709808970046017,1.4283859349268506e-08,0.005837241206560865,23.29451522144126,18.500332713809655,0.014294074870098343,12
12110208,South Laguna Madre,2008,887.0509259792009,559.3246364467926,181.16924951653738,74.71619646119268,106.45305305534471,159.94948950275437,146.55704001587088,0.3158776070582542,3.496202485940441e-12,0.004393055802009067,23.695787687227778,18.323616996327416,0.014170140514309542,12
12110208,South Laguna Madre,2009,465.84393249181846,477.64058450741857,12.37746208242239,-47.81485054716194,60.19231262958433,110.81195671234009,-24.174114098022493,0.30457099732264964,1.050617709690896e-08,0.0031616398558029016,23.93917408892355,18.170619272806164,0.013995147992778482,12
12110208,South Laguna Madre,2010,1028.76623242782,638.2693491647169,181.64127231219254,61.026790697991906,120.61448161420064,139.4726474241619,208.85561095091043,0.3368532665878215,1.4268221505510654e-08,0.00612257586378825,22.786902190568753,18.039288200016642,0.01408503736743605,12
12110208,South Laguna Madre,2011,223.660641680564,351.79400207512634,-25.757838732331628,-50.90330361564328,25.145464883311654,80.48735379205704,-102.37552166223071,0.2783001465005035,0.00031596807983854525,0.0022131835197998777,23.722796380354396,17.675240413430572,0.013731948413730419,12
12110208,South Laguna Madre,2012,433.1603497634806,388.2456351889832,1.8334398868798587,-32.73504943462806,34.56848932150792,37.119280773015596,43.08127468761754,0.29328993843575096,2.3825891213132871e-07,0.003617835761540227,24.26630217370206,18.359500443716797,0.014012946748815135,12
12110208,South Laguna Madre,2013,552.6709109335209,380.2029434896284,29.484298044263774,-10.133682463354697,39.61798050761847,37.08251912475587,142.9836693996287,0.29110502900037183,9.175839805631484e-09,0.004073445637162963,23.880418663996295,17.937209999677805,0.013871814599678461,12
12110208,South Laguna Madre,2014,724.4109811214702,515.0642879339605,100.53448990323695,36.80479428200131,63.729695621235635,95.15350066313026,108.81220328427274,0.3216380300998553,1.0531712492344345e-05,0.005862553480766325,22.62975115765886,17.62400680045704,0.013683085979365026,12
12110208,South Laguna Madre,2015,1010.6763146816718,663.7998976768816,234.37416470691727,67.90087567246486,166.47328903445242,195.95268503718515,112.50225229787287,0.3445442120672018,5.378160927219473e-08,0.00664093759373859,23.008892645135234,18.636082128450198,0.014335457813304725,12
12110208,South Laguna Madre,2016,819.6942729457784,597.4321769237494,128.45534668366784,7.2547728064771855,121.20057387719065,161.97288489294806,93.80674933836119,0.3240365979859538,6.248847536621822e-09,0.004316688963947342,24.147933200039176,19.175869749384503,0.014817960054597033,12
12110208,South Laguna Madre,2017,522.2203138853215,484.6039952085773,15.32749593284884,-36.017113983073564,51.344609915922405,61.1615380198858,22.288822743895345,0.30536926635986295,1.0920229457996891e-11,0.00278925687302475,24.900969772568487,19.298090592430924,0.014744964879753316,12
12110208,South Laguna Madre,2018,573.7211497866886,455.31666719632244,21.6263052012253,-24.556746916494163,46.18305211771946,43.652550885553666,96.77817738914081,0.30591043914826416,1.8855875625578768e-06,0.0070658707118149795,23.88101221334989,18.569266127087587,0.014336895648891427,12
12110208,South Laguna Madre,2019,679.0791004224163,495.400407461617,71.8582941244857,9.831444215266405,62.026849909219294,85.0661994254979,111.82039883631361,0.3173860673398885,4.918102747725413e-09,0.005281958054863854,23.54230650994276,18.627972969380266,0.014479019071519474,12
12110208,South Laguna Madre,2020,897.8592498374175,596.9574373513834,140.68928113217208,49.16777699184706,91.52150414032502,104.73788598799568,160.21253135386195,0.32204552629818356,7.5986638532459e-08,0.00435323646816345,24.246829078991595,19.18631959510674,0.014845271144271569,12
12110208,South Laguna Madre,2021,885.3023937235447,576.6171368364855,189.22513217440425,53.101286485052015,136.12384568935224,197.17795320412142,119.4601247126549,0.3160040591452664,1.1561421792181501e-07,0.004221914449728208,23.483552231811075,18.43598000596768,0.014386247721416475,12
12110208,South Laguna Madre,2022,608.4826219857529,515.4025568668252,50.33766378255715,-36.07396849025954,86.41163227281669,108.37893703560627,42.74240133637053,0.3129748680066557,8.808285229565551e-10,0.003723940291661968,23.872077882256633,18.452745414824392,0.014317903517216221,12
12110208,South Laguna Madre,2023,626.1012423330142,488.9902491544184,68.83112633173322,4.252925136801528,64.5782011949317,102.17794045267416,68.27986684686256,0.30635367696649923,1.3315186941958235e-07,0.004538673121932066,24.31307613345615,18.87414891775012,0.014666745623920403,12
12110208,South Laguna Madre,2024,582.5827533853488,465.59055268758027,42.110371109855585,-13.898917417398934,56.00928852725452,73.42397395996028,74.88182958791299,0.31780933544937046,1.8466163288563287e-08,0.005240095664680026,24.334290644152077,19.116152349381878,0.014926294523970972,12
